"","fraction","units","seg_id","interpreted_qualifiers","site_id","quantitation_limit","data_provider","sample_id","date","value","validator_qualifiers","depth","info_type","parameter"
"1","total","mg/l","0705-0020","","07-KEUK-0.3",2,"AE","07-KEUK-0.3_20171017",2017-10-17,104,"0",NA,NA,"alkalinity, total (as caco3)"
"2","total","mg/l","0705-0020","","07-KEUK-0.3",2,"AE","07-KEUK-0.3_20190416",2019-04-16,198,"A",NA,NA,"alkalinity, total (as caco3)"
"3","total","mg/l","0705-0020","","07-KEUK_T6-1.0",2,"AE","07-KEUK_T6-1.0_20180801",2018-08-01,271,"A",NA,NA,"alkalinity, total (as caco3)"
"4","total","mg/l","0705-0020","","07-KEUK-0.3",2,"AE","07-KEUK-0.3_20200428",2020-04-28,112,"A",NA,NA,"alkalinity, total (as caco3)"
"5","total","mg/l","0705-0020","","07-KEUK-0.3",2,"AE","07-KEUK-0.3_20190611",2019-06-11,168,"A",NA,NA,"alkalinity, total (as caco3)"
"6","total","mg/l","0705-0020","","07-KEUK-0.3",2,"AE","07-KEUK-0.3_20180613",2018-06-13,138,"A",NA,NA,"alkalinity, total (as caco3)"
"7","total","mg/l","0705-0020","","07-KEUK_T3-1.0",2,"AE","07-KEUK_T3-1.0_20180801",2018-08-01,284,"A",NA,NA,"alkalinity, total (as caco3)"
"8","total","mg/l","0705-0020","","07-KEUK-0.3",2,"AE","07-KEUK-0.3_20200805",2020-08-05,98.4,"A",NA,NA,"alkalinity, total (as caco3)"
"9","total","mg/l","0705-0020","","07-KEUK-0.3",2,"AE","07-KEUK-0.3_20190813",2019-08-13,128,"A",NA,NA,"alkalinity, total (as caco3)"
"10","total","mg/l","0705-0020","","07-KEUK-3.4",2,"AE","07-KEUK-3.4_20180802",2018-08-02,111,"A",NA,NA,"alkalinity, total (as caco3)"
"11","total","mg/l","0705-0020","","07-KEUK-0.1",2,"AE","07-KEUK-0.1_20190815",2019-08-15,128,"A",NA,NA,"alkalinity, total (as caco3)"
"12","total","mg/l","0705-0020","","07-KEUK-0.3",2,"AE","07-KEUK-0.3_20170614",2017-06-14,146,"0",NA,NA,"alkalinity, total (as caco3)"
"13","total","mg/l","0705-0020","","07-KEUK-0.3",2,"AE","07-KEUK-0.3_20170816",2017-08-16,117,"0",NA,NA,"alkalinity, total (as caco3)"
"14","total","mg/l","0705-0020","","07-JACB-1.9",2,"AE","07-JACB-1.9_20180802",2018-08-02,269,"A",NA,NA,"alkalinity, total (as caco3)"
"15","total","mg/l","0705-0020","","07-KEUK-7.3",2,"AE","07-KEUK-7.3_20180802",2018-08-02,94.4,"A",NA,NA,"alkalinity, total (as caco3)"
"16","total","mg/l","0705-0020","","07-KEUK-0.3",2,"AE","07-KEUK-0.3_20180419",2018-04-19,107,"A",NA,NA,"alkalinity, total (as caco3)"
"17","total","mg/l","0705-0020","","07-KEUK-6.7",2,"AE","07-KEUK-6.7_20180802",2018-08-02,99.6,"A",NA,NA,"alkalinity, total (as caco3)"
"18","total","mg/l","0705-0020","","07-KEUK-1.5",2,"AE","07-KEUK-1.5_20180801",2018-08-01,116,"A",NA,NA,"alkalinity, total (as caco3)"
"19","total","mg/l","0705-0020","","07-KEUK-0.3",2,"AE","07-KEUK-0.3_20180814",2018-08-14,128,"A",NA,NA,"alkalinity, total (as caco3)"
"20","total","mg/l","0705-0020","","07-KEUK-0.3",2,"AE","07-KEUK-0.3_20200616",2020-06-16,124,"A",NA,NA,"alkalinity, total (as caco3)"
"21","total","mg/l","0705-0020","","07-KEUK-0.1",2,"AE","07-KEUK-0.1_20190718",2019-07-18,151,"A",NA,NA,"alkalinity, total (as caco3)"
"22","total","mg/l","0705-0020","","07-KEUK-0.3",2,"AE","07-KEUK-0.3_20181015",2018-10-15,106,"A",NA,NA,"alkalinity, total (as caco3)"
"23","total","mg/l","0705-0020","","07-KEUK-0.3",2,"AE","07-KEUK-0.3_20191021",2019-10-21,130,"A",NA,NA,"alkalinity, total (as caco3)"
"24","total","mg/l","0705-0020","","07-KEUK-0.1",2,"AE","07-KEUK-0.1_20190619",2019-06-19,118,"A",NA,NA,"alkalinity, total (as caco3)"
"25","dissolved","ug/l","0705-0020","","07-KEUK-0.3",10,"AE","07-KEUK-0.3_20190611",2019-06-11,18.5,"A",NA,NA,"aluminum"
"26","dissolved","ug/l","0705-0020","","07-KEUK-0.3",10,"AE","07-KEUK-0.3_20180613",2018-06-13,19.1,"A",NA,NA,"aluminum"
"27","dissolved","ug/l","0705-0020","","07-KEUK-0.3",10,"AE","07-KEUK-0.3_20200616",2020-06-16,10.9,"A",NA,NA,"aluminum"
"28","dissolved","ug/l","0705-0020","","07-KEUK-0.3",10,"AE","07-KEUK-0.3_20200805",2020-08-05,17,"A",NA,NA,"aluminum"
"29","dissolved","ug/l","0705-0020","","07-KEUK-0.3",10,"AE","07-KEUK-0.3_20190813",2019-08-13,23,"A",NA,NA,"aluminum"
"30","dissolved","ug/l","0705-0020","","07-KEUK-0.3",10,"AE","07-KEUK-0.3_20180814",2018-08-14,26,"A",NA,NA,"aluminum"
"31","dissolved","ug/l","0705-0020","","07-KEUK-0.3",10,"AE","07-KEUK-0.3_20181015",2018-10-15,10.9,"A",NA,NA,"aluminum"
"32","dissolved","ug/l","0705-0020","","07-KEUK-0.3",10,"AE","07-KEUK-0.3_20191021",2019-10-21,20.2,"A",NA,NA,"aluminum"
"33","dissolved","ug/l","0705-0020","","07-KEUK-0.3",10,"AE","07-KEUK-0.3_20170614",2017-06-14,10.9,"0",NA,NA,"aluminum"
"34","dissolved","ug/l","0705-0020","","07-KEUK-0.3",10,"AE","07-KEUK-0.3_20171017",2017-10-17,18.5,"0",NA,NA,"aluminum"
"35","dissolved","ug/l","0705-0020","estimated value due to lab error","07-KEUK-0.3",10,"AE","07-KEUK-0.3_20180419",2018-04-19,6.4,"J",NA,NA,"aluminum"
"36","dissolved","ug/l","0705-0020","","07-KEUK-0.3",10,"AE","07-KEUK-0.3_20170816",2017-08-16,13.7,"0",NA,NA,"aluminum"
"37","dissolved","ug/l","0705-0020","estimated value due to lab error","07-KEUK-0.3",10,"AE","07-KEUK-0.3_20190416",2019-04-16,9.2,"J",NA,NA,"aluminum"
"38","total","ug/l","0705-0020","","07-JACB-1.9",10,"AE","07-JACB-1.9_20180802",2018-08-02,178,"A",NA,NA,"aluminum"
"39","total","ug/l","0705-0020","","07-KEUK-1.5",10,"AE","07-KEUK-1.5_20180801",2018-08-01,68.5,"A",NA,NA,"aluminum"
"40","total","ug/l","0705-0020","","07-KEUK-0.1",10,"AE","07-KEUK-0.1_20190718",2019-07-18,59.7,"A",NA,NA,"aluminum"
"41","total","ug/l","0705-0020","","07-KEUK-0.1",10,"AE","07-KEUK-0.1_20190815",2019-08-15,34.1,"A",NA,NA,"aluminum"
"42","total","ug/l","0705-0020","","07-KEUK-3.4",10,"AE","07-KEUK-3.4_20180802",2018-08-02,77.4,"A",NA,NA,"aluminum"
"43","total","ug/l","0705-0020","","07-KEUK-0.1",10,"AE","07-KEUK-0.1_20190619",2019-06-19,68.3,"A",NA,NA,"aluminum"
"44","total","ug/l","0705-0020","","07-KEUK-6.7",10,"AE","07-KEUK-6.7_20180802",2018-08-02,35.2,"A",NA,NA,"aluminum"
"45","total","ug/l","0705-0020","","07-KEUK_T6-1.0",200,"AE","07-KEUK_T6-1.0_20180801",2018-08-01,1060,"A",NA,NA,"aluminum"
"46","total","ug/l","0705-0020","estimated value due to lab error","07-KEUK-7.3",10,"AE","07-KEUK-7.3_20180802",2018-08-02,7.2,"J",NA,NA,"aluminum"
"47","total","ug/l","0705-0020","","07-KEUK_T3-1.0",100,"AE","07-KEUK_T3-1.0_20180801",2018-08-01,886,"A",NA,NA,"aluminum"
"48","total","ug/l","0705-0020","estimated value due to lab error","07-KEUK-7.3",1,"AE","07-KEUK-7.3_20180802",2018-08-02,0.94,"J",NA,NA,"arsenic"
"49","total","ug/l","0705-0020","","07-KEUK-0.3",1,"AE","07-KEUK-0.3_20171017",2017-10-17,NA,"0",NA,NA,"arsenic"
"50","total","ug/l","0705-0020","estimated value due to lab error","07-KEUK-1.5",1,"AE","07-KEUK-1.5_20180801",2018-08-01,0.89,"J",NA,NA,"arsenic"
"51","total","ug/l","0705-0020","","07-KEUK-0.3",1,"AE","07-KEUK-0.3_20170816",2017-08-16,0.666,"0",NA,NA,"arsenic"
"52","total","ug/l","0705-0020","estimated value due to lab error","07-KEUK-3.4",1,"AE","07-KEUK-3.4_20180802",2018-08-02,0.78,"J",NA,NA,"arsenic"
"53","total","ug/l","0705-0020","estimated value due to lab error","07-KEUK-0.1",1,"AE","07-KEUK-0.1_20190718",2019-07-18,0.76,"J",NA,NA,"arsenic"
"54","total","ug/l","0705-0020","estimated value due to lab error","07-KEUK-0.3",1,"AE","07-KEUK-0.3_20190416",2019-04-16,0.57,"J",NA,NA,"arsenic"
"55","total","ug/l","0705-0020","estimated value due to lab error","07-KEUK-0.3",1,"AE","07-KEUK-0.3_20180419",2018-04-19,0.64,"J",NA,NA,"arsenic"
"56","total","ug/l","0705-0020","estimated value due to lab error","07-KEUK-0.3",1,"AE","07-KEUK-0.3_20190813",2019-08-13,0.82,"J",NA,NA,"arsenic"
"57","total","ug/l","0705-0020","estimated value due to lab error","07-KEUK-6.7",1,"AE","07-KEUK-6.7_20180802",2018-08-02,0.97,"J",NA,NA,"arsenic"
"58","total","ug/l","0705-0020","","07-KEUK-0.3",1,"AE","07-KEUK-0.3_20170614",2017-06-14,NA,"0",NA,NA,"arsenic"
"59","total","ug/l","0705-0020","estimated value due to lab error","07-KEUK-0.3",1,"AE","07-KEUK-0.3_20200428",2020-04-28,0.53,"J",NA,NA,"arsenic"
"60","total","ug/l","0705-0020","","07-KEUK_T3-1.0",1,"AE","07-KEUK_T3-1.0_20180801",2018-08-01,2.1,"A",NA,NA,"arsenic"
"61","total","ug/l","0705-0020","","07-KEUK-0.3",1,"AE","07-KEUK-0.3_20180814",2018-08-14,1.8,"A",NA,NA,"arsenic"
"62","total","ug/l","0705-0020","","07-KEUK_T6-1.0",1,"AE","07-KEUK_T6-1.0_20180801",2018-08-01,1.6,"A",NA,NA,"arsenic"
"63","total","ug/l","0705-0020","estimated value due to lab error","07-KEUK-0.1",1,"AE","07-KEUK-0.1_20190619",2019-06-19,0.62,"J",NA,NA,"arsenic"
"64","total","ug/l","0705-0020","estimated value due to lab error","07-JACB-1.9",1,"AE","07-JACB-1.9_20180802",2018-08-02,0.75,"J",NA,NA,"arsenic"
"65","total","ug/l","0705-0020","estimated value due to lab error","07-KEUK-0.3",1,"AE","07-KEUK-0.3_20181015",2018-10-15,0.81,"J",NA,NA,"arsenic"
"66","total","ug/l","0705-0020","estimated value due to lab error","07-KEUK-0.3",1,"AE","07-KEUK-0.3_20191021",2019-10-21,0.57,"J",NA,NA,"arsenic"
"67","total","ug/l","0705-0020","estimated value due to lab error","07-KEUK-0.3",1,"AE","07-KEUK-0.3_20200805",2020-08-05,0.98,"J",NA,NA,"arsenic"
"68","total","ug/l","0705-0020","estimated value due to lab error","07-KEUK-0.1",1,"AE","07-KEUK-0.1_20190815",2019-08-15,0.75,"J",NA,NA,"arsenic"
"69","total","ug/l","0705-0020","estimated value due to lab error","07-KEUK-0.3",1,"AE","07-KEUK-0.3_20200616",2020-06-16,0.95,"J",NA,NA,"arsenic"
"70","total","ug/l","0705-0020","estimated value due to lab error","07-KEUK-0.3",1,"AE","07-KEUK-0.3_20190611",2019-06-11,0.73,"J",NA,NA,"arsenic"
"71","total","ug/l","0705-0020","estimated value due to lab error","07-KEUK-0.3",1,"AE","07-KEUK-0.3_20180613",2018-06-13,0.57,"J",NA,NA,"arsenic"
"72","dissolved","ug/l","0705-0020","","07-KEUK-0.3",1,"AE","07-KEUK-0.3_20171017",2017-10-17,NA,"0",NA,NA,"cadmium"
"73","dissolved","ug/l","0705-0020","Analyte was analyzed for but not detected","07-KEUK-0.3",1,"AE","07-KEUK-0.3_20190611",2019-06-11,NA,"U",NA,NA,"cadmium"
"74","dissolved","ug/l","0705-0020","","07-KEUK-0.3",1,"AE","07-KEUK-0.3_20170816",2017-08-16,NA,"0",NA,NA,"cadmium"
"75","dissolved","ug/l","0705-0020","Analyte was analyzed for but not detected","07-KEUK-0.3",1,"AE","07-KEUK-0.3_20200428",2020-04-28,NA,"U",NA,NA,"cadmium"
"76","dissolved","ug/l","0705-0020","Analyte was analyzed for but not detected","07-KEUK-0.3",1,"AE","07-KEUK-0.3_20190813",2019-08-13,NA,"U",NA,NA,"cadmium"
"77","dissolved","ug/l","0705-0020","Analyte was analyzed for but not detected","07-KEUK-0.3",1,"AE","07-KEUK-0.3_20190416",2019-04-16,NA,"U",NA,NA,"cadmium"
"78","dissolved","ug/l","0705-0020","Analyte was analyzed for but not detected","07-KEUK-0.3",1,"AE","07-KEUK-0.3_20180419",2018-04-19,NA,"U",NA,NA,"cadmium"
"79","dissolved","ug/l","0705-0020","Analyte was analyzed for but not detected","07-KEUK-0.3",1,"AE","07-KEUK-0.3_20200805",2020-08-05,NA,"U",NA,NA,"cadmium"
"80","dissolved","ug/l","0705-0020","Analyte was analyzed for but not detected","07-KEUK-0.3",1,"AE","07-KEUK-0.3_20181015",2018-10-15,NA,"U",NA,NA,"cadmium"
"81","dissolved","ug/l","0705-0020","Analyte was analyzed for but not detected","07-KEUK-0.3",1,"AE","07-KEUK-0.3_20180613",2018-06-13,NA,"U",NA,NA,"cadmium"
"82","dissolved","ug/l","0705-0020","Analyte was analyzed for but not detected","07-KEUK-0.3",1,"AE","07-KEUK-0.3_20200616",2020-06-16,NA,"U",NA,NA,"cadmium"
"83","dissolved","ug/l","0705-0020","Analyte was analyzed for but not detected","07-KEUK-0.3",1,"AE","07-KEUK-0.3_20191021",2019-10-21,NA,"U",NA,NA,"cadmium"
"84","dissolved","ug/l","0705-0020","","07-KEUK-0.3",1,"AE","07-KEUK-0.3_20170614",2017-06-14,NA,"0",NA,NA,"cadmium"
"85","dissolved","ug/l","0705-0020","Analyte was analyzed for but not detected","07-KEUK-0.3",1,"AE","07-KEUK-0.3_20180814",2018-08-14,NA,"U",NA,NA,"cadmium"
"86","total","ug/l","0705-0020","Analyte was analyzed for but not detected","07-KEUK-7.3",1,"AE","07-KEUK-7.3_20180802",2018-08-02,NA,"U",NA,NA,"cadmium"
"87","total","ug/l","0705-0020","Analyte was analyzed for but not detected","07-KEUK-3.4",1,"AE","07-KEUK-3.4_20180802",2018-08-02,NA,"U",NA,NA,"cadmium"
"88","total","ug/l","0705-0020","Analyte was analyzed for but not detected","07-KEUK_T3-1.0",1,"AE","07-KEUK_T3-1.0_20180801",2018-08-01,NA,"U",NA,NA,"cadmium"
"89","total","ug/l","0705-0020","Analyte was analyzed for but not detected","07-KEUK_T6-1.0",1,"AE","07-KEUK_T6-1.0_20180801",2018-08-01,NA,"U",NA,NA,"cadmium"
"90","total","ug/l","0705-0020","Analyte was analyzed for but not detected","07-KEUK-0.1",1,"AE","07-KEUK-0.1_20190815",2019-08-15,NA,"U",NA,NA,"cadmium"
"91","total","ug/l","0705-0020","Analyte was analyzed for but not detected","07-KEUK-0.1",1,"AE","07-KEUK-0.1_20190718",2019-07-18,NA,"U",NA,NA,"cadmium"
"92","total","ug/l","0705-0020","Analyte was analyzed for but not detected","07-JACB-1.9",1,"AE","07-JACB-1.9_20180802",2018-08-02,NA,"U",NA,NA,"cadmium"
"93","total","ug/l","0705-0020","Analyte was analyzed for but not detected","07-KEUK-0.1",1,"AE","07-KEUK-0.1_20190619",2019-06-19,NA,"U",NA,NA,"cadmium"
"94","total","ug/l","0705-0020","Analyte was analyzed for but not detected","07-KEUK-1.5",1,"AE","07-KEUK-1.5_20180801",2018-08-01,NA,"U",NA,NA,"cadmium"
"95","total","ug/l","0705-0020","Analyte was analyzed for but not detected","07-KEUK-6.7",1,"AE","07-KEUK-6.7_20180802",2018-08-02,NA,"U",NA,NA,"cadmium"
"96","total","ug/l","0705-0020","","07-KEUK-0.3",1000,"AE","07-KEUK-0.3_20170816",2017-08-16,39400,"0",NA,NA,"calcium"
"97","total","ug/l","0705-0020","","07-KEUK-0.3",1000,"AE","07-KEUK-0.3_20190416",2019-04-16,73300,"A",NA,NA,"calcium"
"98","total","ug/l","0705-0020","","07-KEUK-0.1",1000,"AE","07-KEUK-0.1_20190815",2019-08-15,44900,"A",NA,NA,"calcium"
"99","total","ug/l","0705-0020","","07-KEUK-0.1",1000,"AE","07-KEUK-0.1_20190718",2019-07-18,57600,"A",NA,NA,"calcium"
"100","total","ug/l","0705-0020","","07-KEUK-7.3",1000,"AE","07-KEUK-7.3_20180802",2018-08-02,31400,"A",NA,NA,"calcium"
"101","total","ug/l","0705-0020","","07-JACB-1.9",1000,"AE","07-JACB-1.9_20180802",2018-08-02,99700,"A",NA,NA,"calcium"
"102","total","ug/l","0705-0020","","07-KEUK-0.3",1000,"AE","07-KEUK-0.3_20171017",2017-10-17,44400,"0",NA,NA,"calcium"
"103","total","ug/l","0705-0020","","07-KEUK_T6-1.0",1000,"AE","07-KEUK_T6-1.0_20180801",2018-08-01,104000,"A",NA,NA,"calcium"
"104","total","ug/l","0705-0020","","07-KEUK-0.3",1000,"AE","07-KEUK-0.3_20180419",2018-04-19,37000,"A",NA,NA,"calcium"
"105","total","ug/l","0705-0020","","07-KEUK_T3-1.0",1000,"AE","07-KEUK_T3-1.0_20180801",2018-08-01,114000,"A",NA,NA,"calcium"
"106","total","ug/l","0705-0020","","07-KEUK-3.4",1000,"AE","07-KEUK-3.4_20180802",2018-08-02,37000,"A",NA,NA,"calcium"
"107","total","ug/l","0705-0020","","07-KEUK-0.1",1000,"AE","07-KEUK-0.1_20190619",2019-06-19,42400,"A",NA,NA,"calcium"
"108","total","ug/l","0705-0020","","07-KEUK-0.3",1000,"AE","07-KEUK-0.3_20200616",2020-06-16,42500,"A",NA,NA,"calcium"
"109","total","ug/l","0705-0020","","07-KEUK-0.3",1000,"AE","07-KEUK-0.3_20200805",2020-08-05,34200,"A",NA,NA,"calcium"
"110","total","ug/l","0705-0020","","07-KEUK-6.7",1000,"AE","07-KEUK-6.7_20180802",2018-08-02,34000,"A",NA,NA,"calcium"
"111","total","ug/l","0705-0020","","07-KEUK-0.3",1000,"AE","07-KEUK-0.3_20180814",2018-08-14,54600,"A",NA,NA,"calcium"
"112","total","ug/l","0705-0020","","07-KEUK-0.3",1000,"AE","07-KEUK-0.3_20181015",2018-10-15,35600,"A",NA,NA,"calcium"
"113","total","ug/l","0705-0020","","07-KEUK-0.3",1000,"AE","07-KEUK-0.3_20191021",2019-10-21,46400,"A",NA,NA,"calcium"
"114","total","ug/l","0705-0020","","07-KEUK-0.3",1000,"AE","07-KEUK-0.3_20200428",2020-04-28,40900,"A",NA,NA,"calcium"
"115","total","ug/l","0705-0020","","07-KEUK-1.5",1000,"AE","07-KEUK-1.5_20180801",2018-08-01,40000,"A",NA,NA,"calcium"
"116","total","ug/l","0705-0020","","07-KEUK-0.3",1000,"AE","07-KEUK-0.3_20180613",2018-06-13,48700,"A",NA,NA,"calcium"
"117","total","ug/l","0705-0020","","07-KEUK-0.3",1000,"AE","07-KEUK-0.3_20190611",2019-06-11,59300,"A",NA,NA,"calcium"
"118","total","ug/l","0705-0020","","07-KEUK-0.3",1000,"AE","07-KEUK-0.3_20170614",2017-06-14,44500,"0",NA,NA,"calcium"
"119","total","ug/l","0705-0020","","07-KEUK-0.3",1000,"AE","07-KEUK-0.3_20190813",2019-08-13,46000,"A",NA,NA,"calcium"
"120","dissolved","mg/l","0705-0020","","07-KEUK-0.3",1,"AE","07-KEUK-0.3_20170614",2017-06-14,3.8,"0",NA,NA,"carbon, dissolved organic (doc)"
"121","dissolved","mg/l","0705-0020","","07-KEUK-0.3",1,"AE","07-KEUK-0.3_20170816",2017-08-16,3.9,"0",NA,NA,"carbon, dissolved organic (doc)"
"122","dissolved","mg/l","0705-0020","","07-KEUK-0.3",1,"AE","07-KEUK-0.3_20171017",2017-10-17,3.2,"0",NA,NA,"carbon, dissolved organic (doc)"
"123","dissolved","mg/l","0705-0020","","07-KEUK-0.3",1,"AE","07-KEUK-0.3_20190416",2019-04-16,3.5,"A",NA,NA,"carbon, dissolved organic (doc)"
"124","dissolved","mg/l","0705-0020","","07-KEUK-0.3",1,"AE","07-KEUK-0.3_20180419",2018-04-19,2.5,"A",NA,NA,"carbon, dissolved organic (doc)"
"125","dissolved","mg/l","0705-0020","","07-KEUK-0.3",1,"AE","07-KEUK-0.3_20200428",2020-04-28,3.8,"A",NA,NA,"carbon, dissolved organic (doc)"
"126","dissolved","mg/l","0705-0020","","07-KEUK-0.3",1,"AE","07-KEUK-0.3_20190611",2019-06-11,4.3,"A",NA,NA,"carbon, dissolved organic (doc)"
"127","dissolved","mg/l","0705-0020","","07-KEUK-0.3",1,"AE","07-KEUK-0.3_20180613",2018-06-13,3.4,"A",NA,NA,"carbon, dissolved organic (doc)"
"128","dissolved","mg/l","0705-0020","","07-KEUK-0.3",1,"AE","07-KEUK-0.3_20200616",2020-06-16,4,"A",NA,NA,"carbon, dissolved organic (doc)"
"129","dissolved","mg/l","0705-0020","","07-KEUK-0.3",1,"AE","07-KEUK-0.3_20180814",2018-08-14,7.6,"A",NA,NA,"carbon, dissolved organic (doc)"
"130","dissolved","mg/l","0705-0020","","07-KEUK-0.3",1,"AE","07-KEUK-0.3_20181015",2018-10-15,3.2,"A",NA,NA,"carbon, dissolved organic (doc)"
"131","dissolved","mg/l","0705-0020","","07-KEUK-0.3",1,"AE","07-KEUK-0.3_20191021",2019-10-21,3.6,"A",NA,NA,"carbon, dissolved organic (doc)"
"132","dissolved","mg/l","0705-0020","","07-KEUK-0.3",1,"AE","07-KEUK-0.3_20200805",2020-08-05,3.5,"A",NA,NA,"carbon, dissolved organic (doc)"
"133","dissolved","mg/l","0705-0020","","07-KEUK-0.3",1,"AE","07-KEUK-0.3_20190813",2019-08-13,5.8,"A",NA,NA,"carbon, dissolved organic (doc)"
"134","total","mg/l","0705-0020","","07-KEUK-0.1",1,"AE","07-KEUK-0.1_20190619",2019-06-19,3.3,"A",NA,NA,"carbon, total organic"
"135","total","mg/l","0705-0020","","07-KEUK-0.1",1,"AE","07-KEUK-0.1_20190815",2019-08-15,3.4,"A",NA,NA,"carbon, total organic"
"136","total","mg/l","0705-0020","","07-KEUK-0.1",1,"AE","07-KEUK-0.1_20190718",2019-07-18,3.7,"A",NA,NA,"carbon, total organic"
"137","total","mg/l","0705-0020","","07-KEUK-0.3",2,"AE","07-KEUK-0.3_20200428",2020-04-28,36.6,"A",NA,NA,"chloride"
"138","total","mg/l","0705-0020","","07-KEUK-0.3",2,"AE","07-KEUK-0.3_20190611",2019-06-11,53.6,"A",NA,NA,"chloride"
"139","total","mg/l","0705-0020","","07-KEUK-0.3",2,"AE","07-KEUK-0.3_20180613",2018-06-13,52.5,"A",NA,NA,"chloride"
"140","total","mg/l","0705-0020","","07-KEUK-0.1",2,"AE","07-KEUK-0.1_20190619",2019-06-19,37.2,"A",NA,NA,"chloride"
"141","total","mg/l","0705-0020","","07-KEUK-0.1",2,"AE","07-KEUK-0.1_20190718",2019-07-18,56.8,"A",NA,NA,"chloride"
"142","total","mg/l","0705-0020","","07-KEUK-0.3",2,"AE","07-KEUK-0.3_20190813",2019-08-13,57.9,"A",NA,NA,"chloride"
"143","total","mg/l","0705-0020","","07-KEUK-1.5",2,"AE","07-KEUK-1.5_20180801",2018-08-01,46.8,"A",NA,NA,"chloride"
"144","total","mg/l","0705-0020","","07-KEUK-0.3",2,"AE","07-KEUK-0.3_20191021",2019-10-21,58.7,"A",NA,NA,"chloride"
"145","total","mg/l","0705-0020","","07-KEUK-0.3",2,"AE","07-KEUK-0.3_20170614",2017-06-14,48.9,"0",NA,NA,"chloride"
"146","total","mg/l","0705-0020","","07-KEUK_T6-1.0",2,"AE","07-KEUK_T6-1.0_20180801",2018-08-01,52.8,"A",NA,NA,"chloride"
"147","total","mg/l","0705-0020","","07-KEUK_T3-1.0",2,"AE","07-KEUK_T3-1.0_20180801",2018-08-01,64.7,"A",NA,NA,"chloride"
"148","total","mg/l","0705-0020","","07-KEUK-6.7",2,"AE","07-KEUK-6.7_20180802",2018-08-02,38.8,"A",NA,NA,"chloride"
"149","total","mg/l","0705-0020","","07-KEUK-0.3",2,"AE","07-KEUK-0.3_20171017",2017-10-17,51,"0",NA,NA,"chloride"
"150","total","mg/l","0705-0020","","07-KEUK-0.3",2,"AE","07-KEUK-0.3_20200805",2020-08-05,40.3,"A",NA,NA,"chloride"
"151","total","mg/l","0705-0020","","07-KEUK-0.3",2,"AE","07-KEUK-0.3_20180419",2018-04-19,36.1,"A",NA,NA,"chloride"
"152","total","mg/l","0705-0020","","07-KEUK-7.3",2,"AE","07-KEUK-7.3_20180802",2018-08-02,36,"A",NA,NA,"chloride"
"153","total","mg/l","0705-0020","","07-KEUK-0.3",2,"AE","07-KEUK-0.3_20190416",2019-04-16,56.4,"A",NA,NA,"chloride"
"154","total","mg/l","0705-0020","","07-KEUK-0.3",2,"AE","07-KEUK-0.3_20200616",2020-06-16,47.6,"A",NA,NA,"chloride"
"155","total","mg/l","0705-0020","","07-KEUK-3.4",2,"AE","07-KEUK-3.4_20180802",2018-08-02,46.7,"A",NA,NA,"chloride"
"156","total","mg/l","0705-0020","","07-KEUK-0.3",2,"AE","07-KEUK-0.3_20170816",2017-08-16,41.4,"0",NA,NA,"chloride"
"157","total","mg/l","0705-0020","","07-JACB-1.9",2,"AE","07-JACB-1.9_20180802",2018-08-02,53.9,"A",NA,NA,"chloride"
"158","total","ug/l","0705-0020","","07-KEUK-0.3",0.22,"AE","07-KEUK-0.3_20180419",2018-04-19,6.69,"A",NA,NA,"chlorophyll a"
"159","total","ug/l","0705-0020","","07-KEUK-0.3",0.8,"AE","07-KEUK-0.3_20180814",2018-08-14,8.84,"A",NA,NA,"chlorophyll a"
"160","total","ug/l","0705-0020","","07-KEUK-0.3",0.16,"AE","07-KEUK-0.3_20200428",2020-04-28,2.82,"A",NA,NA,"chlorophyll a"
"161","total","ug/l","0705-0020","","07-KEUK-0.1",0.078,"AE","07-KEUK-0.1_20190619",2019-06-19,1.47,"A",NA,NA,"chlorophyll a"
"162","total","ug/l","0705-0020","","07-KEUK-0.3",0.4,"AE","07-KEUK-0.3_20170816",2017-08-16,5.67,"0",NA,NA,"chlorophyll a"
"163","total","ug/l","0705-0020","","07-KEUK-0.3",0.084,"AE","07-KEUK-0.3_20190813",2019-08-13,2.79,"A",NA,NA,"chlorophyll a"
"164","total","ug/l","0705-0020","","07-KEUK-0.1",0.08,"AE","07-KEUK-0.1_20190815",2019-08-15,1.25,"A",NA,NA,"chlorophyll a"
"165","total","ug/l","0705-0020","","07-KEUK-0.1",0.05,"AE","07-KEUK-0.1_20190718",2019-07-18,0.922,"A",NA,NA,"chlorophyll a"
"166","total","ug/l","0705-0020","","07-KEUK-0.3",0.039,"AE","07-KEUK-0.3_20200616",2020-06-16,0.908,"A",NA,NA,"chlorophyll a"
"167","total","ug/l","0705-0020","","07-KEUK-0.3",0.082,"AE","07-KEUK-0.3_20190611",2019-06-11,1.46,"A",NA,NA,"chlorophyll a"
"168","total","ug/l","0705-0020","","07-KEUK-0.3",0.043,"AE","07-KEUK-0.3_20171017",2017-10-17,1.1,"0",NA,NA,"chlorophyll a"
"169","total","ug/l","0705-0020","","07-KEUK-0.3",0.15,"AE","07-KEUK-0.3_20200805",2020-08-05,5.59,"A",NA,NA,"chlorophyll a"
"170","total","ug/l","0705-0020","","07-KEUK-0.3",0.054,"AE","07-KEUK-0.3_20180613",2018-06-13,0.21,"A",NA,NA,"chlorophyll a"
"171","total","ug/l","0705-0020","","07-KEUK-0.3",0.078,"AE","07-KEUK-0.3_20181015",2018-10-15,2.57,"A",NA,NA,"chlorophyll a"
"172","total","ug/l","0705-0020","","07-KEUK-0.3",0.04,"AE","07-KEUK-0.3_20191021",2019-10-21,1.09,"A",NA,NA,"chlorophyll a"
"173","total","ug/l","0705-0020","","07-KEUK-0.3",0.049,"AE","07-KEUK-0.3_20170614",2017-06-14,1.46,"0",NA,NA,"chlorophyll a"
"174","","rfu","0705-0020",NA,"07-KEUK-0.1",NA,NA,"07-KEUK-0.1_20190619",2019-06-19,0.14,NA,NA,NA,"chlorophyll a (probe)"
"175","","rfu","0705-0020",NA,"07-KEUK-0.1",NA,NA,"07-KEUK-0.1_20190718",2019-07-18,0.15,NA,NA,NA,"chlorophyll a (probe)"
"176","","rfu","0705-0020",NA,"07-KEUK-0.1",NA,NA,"07-KEUK-0.1_20190815",2019-08-15,0.85,NA,NA,NA,"chlorophyll a (probe)"
"177","","ug/l","0705-0020",NA,"07-KEUK-0.1",NA,NA,"07-KEUK-0.1_20190619",2019-06-19,0.41,NA,NA,NA,"chlorophyll a (probe)"
"178","","ug/l","0705-0020",NA,"07-KEUK-0.1",NA,NA,"07-KEUK-0.1_20190718",2019-07-18,0.67,NA,NA,NA,"chlorophyll a (probe)"
"179","","ug/l","0705-0020",NA,"07-KEUK-0.1",NA,NA,"07-KEUK-0.1_20190815",2019-08-15,3.42,NA,NA,NA,"chlorophyll a (probe)"
"180","dissolved","ug/l","0705-0020","","07-KEUK-0.3",1,"AE","07-KEUK-0.3_20190416",2019-04-16,1.9,"A",NA,NA,"copper"
"181","dissolved","ug/l","0705-0020","","07-KEUK-0.3",1,"AE","07-KEUK-0.3_20200805",2020-08-05,1.8,"A",NA,NA,"copper"
"182","dissolved","ug/l","0705-0020","","07-KEUK-0.3",1,"AE","07-KEUK-0.3_20200616",2020-06-16,2.6,"A",NA,NA,"copper"
"183","dissolved","ug/l","0705-0020","","07-KEUK-0.3",1,"AE","07-KEUK-0.3_20170816",2017-08-16,1.7,"0",NA,NA,"copper"
"184","dissolved","ug/l","0705-0020","","07-KEUK-0.3",1,"AE","07-KEUK-0.3_20200428",2020-04-28,1.1,"A",NA,NA,"copper"
"185","dissolved","ug/l","0705-0020","","07-KEUK-0.3",1,"AE","07-KEUK-0.3_20190611",2019-06-11,3.2,"A",NA,NA,"copper"
"186","dissolved","ug/l","0705-0020","","07-KEUK-0.3",1,"AE","07-KEUK-0.3_20170614",2017-06-14,2.2,"0",NA,NA,"copper"
"187","dissolved","ug/l","0705-0020","","07-KEUK-0.3",1,"AE","07-KEUK-0.3_20171017",2017-10-17,1.7,"0",NA,NA,"copper"
"188","dissolved","ug/l","0705-0020","","07-KEUK-0.3",1,"AE","07-KEUK-0.3_20190813",2019-08-13,2.5,"A",NA,NA,"copper"
"189","dissolved","ug/l","0705-0020","","07-KEUK-0.3",1,"AE","07-KEUK-0.3_20191021",2019-10-21,2,"A",NA,NA,"copper"
"190","total","ug/l","0705-0020","estimated value due to lab error","07-KEUK-6.7",1,"AE","07-KEUK-6.7_20180802",2018-08-02,0.96,"J",NA,NA,"copper"
"191","total","ug/l","0705-0020","","07-KEUK-0.1",1,"AE","07-KEUK-0.1_20190718",2019-07-18,3.9,"A",NA,NA,"copper"
"192","total","ug/l","0705-0020","","07-JACB-1.9",1,"AE","07-JACB-1.9_20180802",2018-08-02,1,"A",NA,NA,"copper"
"193","total","ug/l","0705-0020","estimated value due to lab error","07-KEUK-7.3",1,"AE","07-KEUK-7.3_20180802",2018-08-02,0.81,"J",NA,NA,"copper"
"194","total","ug/l","0705-0020","","07-KEUK-1.5",1,"AE","07-KEUK-1.5_20180801",2018-08-01,2.8,"A",NA,NA,"copper"
"195","total","ug/l","0705-0020","","07-KEUK-3.4",1,"AE","07-KEUK-3.4_20180802",2018-08-02,2.8,"A",NA,NA,"copper"
"196","total","ug/l","0705-0020","","07-KEUK_T6-1.0",1,"AE","07-KEUK_T6-1.0_20180801",2018-08-01,3.3,"A",NA,NA,"copper"
"197","total","ug/l","0705-0020","","07-KEUK_T3-1.0",1,"AE","07-KEUK_T3-1.0_20180801",2018-08-01,3.3,"A",NA,NA,"copper"
"198","total","ug/l","0705-0020","","07-KEUK-0.1",1,"AE","07-KEUK-0.1_20190815",2019-08-15,2.7,"A",NA,NA,"copper"
"199","total","ug/l","0705-0020","","07-KEUK-0.1",1,"AE","07-KEUK-0.1_20190619",2019-06-19,2.2,"A",NA,NA,"copper"
"200","","mg/l","0705-0020",NA,"07-JACB-1.9",NA,NA,"07-JACB-1.9_20160712",2016-07-12,8.1,NA,NA,NA,"dissolved oxygen"
"201","","mg/l","0705-0020",NA,"07-JACB-1.9",NA,NA,"07-JACB-1.9_20180802",2018-08-02,8.7,NA,NA,NA,"dissolved oxygen"
"202","","mg/l","0705-0020",NA,"07-KEUK-0.1",NA,NA,"07-KEUK-0.1_20190619",2019-06-19,8.55,NA,NA,NA,"dissolved oxygen"
"203","","mg/l","0705-0020",NA,"07-KEUK-0.1",NA,NA,"07-KEUK-0.1_20190718",2019-07-18,9.52,NA,NA,NA,"dissolved oxygen"
"204","","mg/l","0705-0020",NA,"07-KEUK-0.1",NA,NA,"07-KEUK-0.1_20190815",2019-08-15,8.99,NA,NA,NA,"dissolved oxygen"
"205","","mg/l","0705-0020",NA,"07-KEUK-0.3",NA,NA,"07-KEUK-0.3_20110920",2011-09-20,7.8,NA,NA,NA,"dissolved oxygen"
"206","","mg/l","0705-0020",NA,"07-KEUK-0.3",NA,NA,"07-KEUK-0.3_20160712",2016-07-12,9.3,NA,NA,NA,"dissolved oxygen"
"207","","mg/l","0705-0020",NA,"07-KEUK-0.3",NA,NA,"07-KEUK-0.3_20180801",2018-08-01,8.4,NA,NA,NA,"dissolved oxygen"
"208","","mg/l","0705-0020",NA,"07-KEUK-1.5",NA,NA,"07-KEUK-1.5_20180801",2018-08-01,8.2,NA,NA,NA,"dissolved oxygen"
"209","","mg/l","0705-0020",NA,"07-KEUK-3.4",NA,NA,"07-KEUK-3.4_20180802",2018-08-02,8.2,NA,NA,NA,"dissolved oxygen"
"210","","mg/l","0705-0020",NA,"07-KEUK-6.7",NA,NA,"07-KEUK-6.7_20180802",2018-08-02,7.3,NA,NA,NA,"dissolved oxygen"
"211","","mg/l","0705-0020",NA,"07-KEUK-7.3",NA,NA,"07-KEUK-7.3_20180802",2018-08-02,5.1,NA,NA,NA,"dissolved oxygen"
"212","","mg/l","0705-0020",NA,"07-KEUK_T3-1.0",NA,NA,"07-KEUK_T3-1.0_20180801",2018-08-01,4.3,NA,NA,NA,"dissolved oxygen"
"213","","mg/l","0705-0020",NA,"07-KEUK_T6-1.0",NA,NA,"07-KEUK_T6-1.0_20180801",2018-08-01,4.3,NA,NA,NA,"dissolved oxygen"
"214","","percent","0705-0020",NA,"07-JACB-1.9",NA,NA,"07-JACB-1.9_20160712",2016-07-12,85,NA,NA,NA,"dissolved oxygen saturation"
"215","","percent","0705-0020",NA,"07-JACB-1.9",NA,NA,"07-JACB-1.9_20180802",2018-08-02,96,NA,NA,NA,"dissolved oxygen saturation"
"216","","percent","0705-0020",NA,"07-KEUK-0.1",NA,NA,"07-KEUK-0.1_20190619",2019-06-19,98.9,NA,NA,NA,"dissolved oxygen saturation"
"217","","percent","0705-0020",NA,"07-KEUK-0.1",NA,NA,"07-KEUK-0.1_20190718",2019-07-18,116.6,NA,NA,NA,"dissolved oxygen saturation"
"218","","percent","0705-0020",NA,"07-KEUK-0.1",NA,NA,"07-KEUK-0.1_20190815",2019-08-15,99.3,NA,NA,NA,"dissolved oxygen saturation"
"219","","percent","0705-0020",NA,"07-KEUK-0.3",NA,NA,"07-KEUK-0.3_20110920",2011-09-20,83,NA,NA,NA,"dissolved oxygen saturation"
"220","","percent","0705-0020",NA,"07-KEUK-0.3",NA,NA,"07-KEUK-0.3_20160712",2016-07-12,111,NA,NA,NA,"dissolved oxygen saturation"
"221","","percent","0705-0020",NA,"07-KEUK-0.3",NA,NA,"07-KEUK-0.3_20180801",2018-08-01,100,NA,NA,NA,"dissolved oxygen saturation"
"222","","percent","0705-0020",NA,"07-KEUK-1.5",NA,NA,"07-KEUK-1.5_20180801",2018-08-01,100,NA,NA,NA,"dissolved oxygen saturation"
"223","","percent","0705-0020",NA,"07-KEUK-3.4",NA,NA,"07-KEUK-3.4_20180802",2018-08-02,98,NA,NA,NA,"dissolved oxygen saturation"
"224","","percent","0705-0020",NA,"07-KEUK-6.7",NA,NA,"07-KEUK-6.7_20180802",2018-08-02,90,NA,NA,NA,"dissolved oxygen saturation"
"225","","percent","0705-0020",NA,"07-KEUK-7.3",NA,NA,"07-KEUK-7.3_20180802",2018-08-02,63,NA,NA,NA,"dissolved oxygen saturation"
"226","","percent","0705-0020",NA,"07-KEUK_T3-1.0",NA,NA,"07-KEUK_T3-1.0_20180801",2018-08-01,49,NA,NA,NA,"dissolved oxygen saturation"
"227","","percent","0705-0020",NA,"07-KEUK_T6-1.0",NA,NA,"07-KEUK_T6-1.0_20180801",2018-08-01,50,NA,NA,NA,"dissolved oxygen saturation"
"228","total","mg/l","0705-0020","","07-KEUK-0.3",0.1,"AE","07-KEUK-0.3_20190611",2019-06-11,0.12,"A",NA,NA,"fluoride"
"229","total","mg/l","0705-0020","","07-KEUK-0.3",0.1,"AE","07-KEUK-0.3_20180613",2018-06-13,0.12,"A",NA,NA,"fluoride"
"230","total","mg/l","0705-0020","","07-KEUK-0.3",0.1,"AE","07-KEUK-0.3_20200805",2020-08-05,0.12,"A",NA,NA,"fluoride"
"231","total","mg/l","0705-0020","Analyte was analyzed for but not detected","07-KEUK-0.3",0.1,"AE","07-KEUK-0.3_20181015",2018-10-15,NA,"U",NA,NA,"fluoride"
"232","total","mg/l","0705-0020","","07-KEUK-0.3",0.1,"AE","07-KEUK-0.3_20190813",2019-08-13,0.13,"A",NA,NA,"fluoride"
"233","total","mg/l","0705-0020","Analyte was analyzed for but not detected","07-KEUK-0.3",0.1,"AE","07-KEUK-0.3_20200428",2020-04-28,NA,"U",NA,NA,"fluoride"
"234","total","mg/l","0705-0020","Analyte was analyzed for but not detected","07-KEUK-0.3",0.1,"AE","07-KEUK-0.3_20200616",2020-06-16,NA,"U",NA,NA,"fluoride"
"235","total","mg/l","0705-0020","","07-KEUK-0.3",0.1,"AE","07-KEUK-0.3_20170614",2017-06-14,0.11,"0",NA,NA,"fluoride"
"236","total","mg/l","0705-0020","","07-KEUK-0.3",0.1,"AE","07-KEUK-0.3_20170816",2017-08-16,0.12,"0",NA,NA,"fluoride"
"237","total","mg/l","0705-0020","","07-KEUK-0.3",0.1,"AE","07-KEUK-0.3_20180814",2018-08-14,0.13,"A",NA,NA,"fluoride"
"238","total","mg/l","0705-0020","","07-KEUK-0.3",0.1,"AE","07-KEUK-0.3_20191021",2019-10-21,0.12,"A",NA,NA,"fluoride"
"239","total","mg/l","0705-0020","Analyte was analyzed for but not detected","07-KEUK-0.3",0.1,"AE","07-KEUK-0.3_20180419",2018-04-19,NA,"U",NA,NA,"fluoride"
"240","total","mg/l","0705-0020","","07-KEUK-0.3",0.1,"AE","07-KEUK-0.3_20171017",2017-10-17,0.11,"0",NA,NA,"fluoride"
"241","total","mg/l","0705-0020","","07-KEUK-0.3",0.1,"AE","07-KEUK-0.3_20190416",2019-04-16,0.13,"A",NA,NA,"fluoride"
"242","total","mg/l","0705-0020","","07-KEUK-0.1",6.62,"AE","07-KEUK-0.1_20190815",2019-08-15,167,"A",NA,NA,"hardness"
"243","total","mg/l","0705-0020","","07-KEUK-0.3",6.62,"AE","07-KEUK-0.3_20190813",2019-08-13,171,"A",NA,NA,"hardness"
"244","total","mg/l","0705-0020","","07-KEUK-0.3",6.62,"AE","07-KEUK-0.3_20180814",2018-08-14,189,"A",NA,NA,"hardness"
"245","total","mg/l","0705-0020","","07-KEUK-0.1",6.62,"AE","07-KEUK-0.1_20190718",2019-07-18,209,"A",NA,NA,"hardness"
"246","total","mg/l","0705-0020","","07-KEUK_T3-1.0",6.62,"AE","07-KEUK_T3-1.0_20180801",2018-08-01,400,"A",NA,NA,"hardness"
"247","total","mg/l","0705-0020","","07-KEUK-0.3",6.62,"AE","07-KEUK-0.3_20171017",2017-10-17,164,"0",NA,NA,"hardness"
"248","total","mg/l","0705-0020","","07-KEUK-0.3",6.62,"AE","07-KEUK-0.3_20200428",2020-04-28,150,"A",NA,NA,"hardness"
"249","total","mg/l","0705-0020","","07-KEUK-0.3",6.62,"AE","07-KEUK-0.3_20190416",2019-04-16,264,"A",NA,NA,"hardness"
"250","total","mg/l","0705-0020","","07-KEUK-1.5",6.62,"AE","07-KEUK-1.5_20180801",2018-08-01,150,"A",NA,NA,"hardness"
"251","total","mg/l","0705-0020","","07-KEUK_T6-1.0",6.62,"AE","07-KEUK_T6-1.0_20180801",2018-08-01,364,"A",NA,NA,"hardness"
"252","total","mg/l","0705-0020","","07-KEUK-0.1",6.62,"AE","07-KEUK-0.1_20190619",2019-06-19,158,"A",NA,NA,"hardness"
"253","total","mg/l","0705-0020","","07-KEUK-0.3",6.62,"AE","07-KEUK-0.3_20200805",2020-08-05,128,"A",NA,NA,"hardness"
"254","total","mg/l","0705-0020","","07-KEUK-0.3",6.62,"AE","07-KEUK-0.3_20170816",2017-08-16,147,"0",NA,NA,"hardness"
"255","total","mg/l","0705-0020","","07-KEUK-0.3",6.62,"AE","07-KEUK-0.3_20191021",2019-10-21,170,"A",NA,NA,"hardness"
"256","total","mg/l","0705-0020","","07-KEUK-0.3",6.62,"AE","07-KEUK-0.3_20180419",2018-04-19,139,"A",NA,NA,"hardness"
"257","total","mg/l","0705-0020","","07-KEUK-0.3",NA,"AE","07-KEUK-0.3_20170614",2017-06-14,164,"0",NA,NA,"hardness"
"258","total","mg/l","0705-0020","","07-KEUK-7.3",6.62,"AE","07-KEUK-7.3_20180802",2018-08-02,121,"A",NA,NA,"hardness"
"259","total","mg/l","0705-0020","","07-KEUK-0.3",6.62,"AE","07-KEUK-0.3_20190611",2019-06-11,217,"A",NA,NA,"hardness"
"260","total","mg/l","0705-0020","","07-KEUK-3.4",6.62,"AE","07-KEUK-3.4_20180802",2018-08-02,141,"A",NA,NA,"hardness"
"261","total","mg/l","0705-0020","","07-JACB-1.9",6.62,"AE","07-JACB-1.9_20180802",2018-08-02,366,"A",NA,NA,"hardness"
"262","total","mg/l","0705-0020","","07-KEUK-0.3",6.62,"AE","07-KEUK-0.3_20180613",2018-06-13,182,"A",NA,NA,"hardness"
"263","total","mg/l","0705-0020","","07-KEUK-0.3",6.62,"AE","07-KEUK-0.3_20181015",2018-10-15,134,"A",NA,NA,"hardness"
"264","total","mg/l","0705-0020","","07-KEUK-6.7",6.62,"AE","07-KEUK-6.7_20180802",2018-08-02,131,"A",NA,NA,"hardness"
"265","total","mg/l","0705-0020","","07-KEUK-0.3",6.62,"AE","07-KEUK-0.3_20200616",2020-06-16,157,"A",NA,NA,"hardness"
"266","total","ug/l","0705-0020","","07-KEUK_T6-1.0",100,"AE","07-KEUK_T6-1.0_20180801",2018-08-01,2220,"A",NA,NA,"iron"
"267","total","ug/l","0705-0020","estimated value due to lab error","07-KEUK-0.3",100,"AE","07-KEUK-0.3_20200616",2020-06-16,71.7,"J",NA,NA,"iron"
"268","total","ug/l","0705-0020","","07-KEUK-6.7",100,"AE","07-KEUK-6.7_20180802",2018-08-02,148,"A",NA,NA,"iron"
"269","total","ug/l","0705-0020","","07-KEUK-0.3",100,"AE","07-KEUK-0.3_20181015",2018-10-15,175,"A",NA,NA,"iron"
"270","total","ug/l","0705-0020","estimated value due to lab error","07-KEUK-0.3",100,"AE","07-KEUK-0.3_20180613",2018-06-13,59.6,"J",NA,NA,"iron"
"271","total","ug/l","0705-0020","","07-KEUK-0.3",100,"AE","07-KEUK-0.3_20180814",2018-08-14,3900,"A",NA,NA,"iron"
"272","total","ug/l","0705-0020","","07-KEUK-0.3",100,"AE","07-KEUK-0.3_20170614",2017-06-14,78.5,"0",NA,NA,"iron"
"273","total","ug/l","0705-0020","","07-KEUK-0.3",100,"AE","07-KEUK-0.3_20171017",2017-10-17,78.6,"0",NA,NA,"iron"
"274","total","ug/l","0705-0020","","07-KEUK-3.4",100,"AE","07-KEUK-3.4_20180802",2018-08-02,148,"A",NA,NA,"iron"
"275","total","ug/l","0705-0020","","07-KEUK-0.3",100,"AE","07-KEUK-0.3_20200428",2020-04-28,233,"A",NA,NA,"iron"
"276","total","ug/l","0705-0020","","07-KEUK-0.3",100,"AE","07-KEUK-0.3_20190611",2019-06-11,110,"A",NA,NA,"iron"
"277","total","ug/l","0705-0020","","07-KEUK-0.3",100,"AE","07-KEUK-0.3_20200805",2020-08-05,355,"A",NA,NA,"iron"
"278","total","ug/l","0705-0020","","07-KEUK-1.5",100,"AE","07-KEUK-1.5_20180801",2018-08-01,130,"A",NA,NA,"iron"
"279","total","ug/l","0705-0020","","07-KEUK_T3-1.0",100,"AE","07-KEUK_T3-1.0_20180801",2018-08-01,1320,"A",NA,NA,"iron"
"280","total","ug/l","0705-0020","","07-KEUK-7.3",100,"AE","07-KEUK-7.3_20180802",2018-08-02,134,"A",NA,NA,"iron"
"281","total","ug/l","0705-0020","estimated value due to lab error","07-KEUK-0.3",100,"AE","07-KEUK-0.3_20190416",2019-04-16,95,"J",NA,NA,"iron"
"282","total","ug/l","0705-0020","","07-KEUK-0.3",100,"AE","07-KEUK-0.3_20190813",2019-08-13,112,"A",NA,NA,"iron"
"283","total","ug/l","0705-0020","","07-KEUK-0.3",100,"AE","07-KEUK-0.3_20180419",2018-04-19,518,"A",NA,NA,"iron"
"284","total","ug/l","0705-0020","","07-JACB-1.9",100,"AE","07-JACB-1.9_20180802",2018-08-02,405,"A",NA,NA,"iron"
"285","total","ug/l","0705-0020","","07-KEUK-0.3",100,"AE","07-KEUK-0.3_20170816",2017-08-16,117,"0",NA,NA,"iron"
"286","total","ug/l","0705-0020","estimated value due to lab error","07-KEUK-0.3",100,"AE","07-KEUK-0.3_20191021",2019-10-21,55.5,"J",NA,NA,"iron"
"287","total","ug/l","0705-0020","","07-KEUK-0.1",100,"AE","07-KEUK-0.1_20190619",2019-06-19,154,"A",NA,NA,"iron"
"288","total","ug/l","0705-0020","estimated value due to lab error","07-KEUK-0.1",100,"AE","07-KEUK-0.1_20190815",2019-08-15,63.7,"J",NA,NA,"iron"
"289","total","ug/l","0705-0020","estimated value due to lab error","07-KEUK-0.1",100,"AE","07-KEUK-0.1_20190718",2019-07-18,92.9,"J",NA,NA,"iron"
"290","dissolved","ug/l","0705-0020","","07-KEUK-0.3",1,"AE","07-KEUK-0.3_20171017",2017-10-17,NA,"0",NA,NA,"lead"
"291","dissolved","ug/l","0705-0020","Analyte was analyzed for but not detected","07-KEUK-0.3",1,"AE","07-KEUK-0.3_20200428",2020-04-28,NA,"U",NA,NA,"lead"
"292","dissolved","ug/l","0705-0020","estimated value due to lab error","07-KEUK-0.3",1,"AE","07-KEUK-0.3_20180814",2018-08-14,0.1,"J",NA,NA,"lead"
"293","dissolved","ug/l","0705-0020","","07-KEUK-0.3",1,"AE","07-KEUK-0.3_20170816",2017-08-16,NA,"0",NA,NA,"lead"
"294","dissolved","ug/l","0705-0020","Analyte was analyzed for but not detected","07-KEUK-0.3",1,"AE","07-KEUK-0.3_20190416",2019-04-16,NA,"U",NA,NA,"lead"
"295","dissolved","ug/l","0705-0020","Analyte was analyzed for but not detected","07-KEUK-0.3",1,"AE","07-KEUK-0.3_20180419",2018-04-19,NA,"U",NA,NA,"lead"
"296","dissolved","ug/l","0705-0020","Analyte was analyzed for but not detected","07-KEUK-0.3",1,"AE","07-KEUK-0.3_20190813",2019-08-13,NA,"U",NA,NA,"lead"
"297","dissolved","ug/l","0705-0020","Analyte was analyzed for but not detected","07-KEUK-0.3",1,"AE","07-KEUK-0.3_20190611",2019-06-11,NA,"U",NA,NA,"lead"
"298","dissolved","ug/l","0705-0020","Analyte was analyzed for but not detected","07-KEUK-0.3",1,"AE","07-KEUK-0.3_20200616",2020-06-16,NA,"U",NA,NA,"lead"
"299","dissolved","ug/l","0705-0020","Analyte was analyzed for but not detected","07-KEUK-0.3",1,"AE","07-KEUK-0.3_20200805",2020-08-05,NA,"U",NA,NA,"lead"
"300","dissolved","ug/l","0705-0020","estimated value due to lab error","07-KEUK-0.3",1,"AE","07-KEUK-0.3_20180613",2018-06-13,0.14,"J",NA,NA,"lead"
"301","dissolved","ug/l","0705-0020","Analyte was analyzed for but not detected","07-KEUK-0.3",1,"AE","07-KEUK-0.3_20181015",2018-10-15,NA,"U",NA,NA,"lead"
"302","dissolved","ug/l","0705-0020","Analyte was analyzed for but not detected","07-KEUK-0.3",1,"AE","07-KEUK-0.3_20191021",2019-10-21,NA,"U",NA,NA,"lead"
"303","dissolved","ug/l","0705-0020","","07-KEUK-0.3",1,"AE","07-KEUK-0.3_20170614",2017-06-14,NA,"0",NA,NA,"lead"
"304","total","ug/l","0705-0020","estimated value due to lab error","07-KEUK-1.5",1,"AE","07-KEUK-1.5_20180801",2018-08-01,0.66,"J",NA,NA,"lead"
"305","total","ug/l","0705-0020","estimated value due to lab error","07-KEUK_T3-1.0",1,"AE","07-KEUK_T3-1.0_20180801",2018-08-01,0.95,"J",NA,NA,"lead"
"306","total","ug/l","0705-0020","","07-KEUK_T6-1.0",1,"AE","07-KEUK_T6-1.0_20180801",2018-08-01,1.7,"A",NA,NA,"lead"
"307","total","ug/l","0705-0020","Analyte was analyzed for but not detected","07-KEUK-0.1",1,"AE","07-KEUK-0.1_20190815",2019-08-15,NA,"U",NA,NA,"lead"
"308","total","ug/l","0705-0020","estimated value due to lab error","07-KEUK-7.3",1,"AE","07-KEUK-7.3_20180802",2018-08-02,0.18,"J",NA,NA,"lead"
"309","total","ug/l","0705-0020","estimated value due to lab error","07-JACB-1.9",1,"AE","07-JACB-1.9_20180802",2018-08-02,0.42,"J",NA,NA,"lead"
"310","total","ug/l","0705-0020","estimated value due to lab error","07-KEUK-6.7",1,"AE","07-KEUK-6.7_20180802",2018-08-02,0.44,"J",NA,NA,"lead"
"311","total","ug/l","0705-0020","Analyte was analyzed for but not detected","07-KEUK-0.1",1,"AE","07-KEUK-0.1_20190619",2019-06-19,NA,"U",NA,NA,"lead"
"312","total","ug/l","0705-0020","estimated value due to lab error","07-KEUK-3.4",1,"AE","07-KEUK-3.4_20180802",2018-08-02,0.95,"J",NA,NA,"lead"
"313","total","ug/l","0705-0020","","07-KEUK-0.1",1,"AE","07-KEUK-0.1_20190718",2019-07-18,1.3,"A",NA,NA,"lead"
"314","total","ug/l","0705-0020","","07-KEUK-0.3",1000,"AE","07-KEUK-0.3_20180419",2018-04-19,11200,"A",NA,NA,"magnesium"
"315","total","ug/l","0705-0020","","07-KEUK-3.4",1000,"AE","07-KEUK-3.4_20180802",2018-08-02,11700,"A",NA,NA,"magnesium"
"316","total","ug/l","0705-0020","","07-KEUK-6.7",1000,"AE","07-KEUK-6.7_20180802",2018-08-02,11300,"A",NA,NA,"magnesium"
"317","total","ug/l","0705-0020","","07-KEUK-0.3",1000,"AE","07-KEUK-0.3_20170816",2017-08-16,11900,"0",NA,NA,"magnesium"
"318","total","ug/l","0705-0020","","07-KEUK-0.1",1000,"AE","07-KEUK-0.1_20190815",2019-08-15,13400,"A",NA,NA,"magnesium"
"319","total","ug/l","0705-0020","","07-KEUK-0.3",1000,"AE","07-KEUK-0.3_20190416",2019-04-16,19600,"A",NA,NA,"magnesium"
"320","total","ug/l","0705-0020","","07-KEUK-0.1",1000,"AE","07-KEUK-0.1_20190619",2019-06-19,12600,"A",NA,NA,"magnesium"
"321","total","ug/l","0705-0020","","07-KEUK-0.3",1000,"AE","07-KEUK-0.3_20171017",2017-10-17,12800,"0",NA,NA,"magnesium"
"322","total","ug/l","0705-0020","","07-KEUK-0.3",1000,"AE","07-KEUK-0.3_20170614",2017-06-14,12900,"0",NA,NA,"magnesium"
"323","total","ug/l","0705-0020","","07-KEUK-0.3",1000,"AE","07-KEUK-0.3_20191021",2019-10-21,13200,"A",NA,NA,"magnesium"
"324","total","ug/l","0705-0020","","07-KEUK-0.3",1000,"AE","07-KEUK-0.3_20190611",2019-06-11,16700,"A",NA,NA,"magnesium"
"325","total","ug/l","0705-0020","","07-KEUK_T3-1.0",1000,"AE","07-KEUK_T3-1.0_20180801",2018-08-01,27700,"A",NA,NA,"magnesium"
"326","total","ug/l","0705-0020","","07-KEUK-0.3",1000,"AE","07-KEUK-0.3_20181015",2018-10-15,10800,"A",NA,NA,"magnesium"
"327","total","ug/l","0705-0020","","07-KEUK-0.3",1000,"AE","07-KEUK-0.3_20200428",2020-04-28,11600,"A",NA,NA,"magnesium"
"328","total","ug/l","0705-0020","","07-KEUK-0.3",1000,"AE","07-KEUK-0.3_20200805",2020-08-05,10400,"A",NA,NA,"magnesium"
"329","total","ug/l","0705-0020","","07-KEUK-0.3",1000,"AE","07-KEUK-0.3_20190813",2019-08-13,13700,"A",NA,NA,"magnesium"
"330","total","ug/l","0705-0020","","07-KEUK-0.3",1000,"AE","07-KEUK-0.3_20180814",2018-08-14,12900,"A",NA,NA,"magnesium"
"331","total","ug/l","0705-0020","","07-KEUK-0.1",1000,"AE","07-KEUK-0.1_20190718",2019-07-18,15800,"A",NA,NA,"magnesium"
"332","total","ug/l","0705-0020","","07-KEUK-1.5",1000,"AE","07-KEUK-1.5_20180801",2018-08-01,12200,"A",NA,NA,"magnesium"
"333","total","ug/l","0705-0020","","07-KEUK_T6-1.0",1000,"AE","07-KEUK_T6-1.0_20180801",2018-08-01,25600,"A",NA,NA,"magnesium"
"334","total","ug/l","0705-0020","","07-JACB-1.9",1000,"AE","07-JACB-1.9_20180802",2018-08-02,28300,"A",NA,NA,"magnesium"
"335","total","ug/l","0705-0020","","07-KEUK-7.3",1000,"AE","07-KEUK-7.3_20180802",2018-08-02,10400,"A",NA,NA,"magnesium"
"336","total","ug/l","0705-0020","","07-KEUK-0.3",1000,"AE","07-KEUK-0.3_20200616",2020-06-16,12400,"A",NA,NA,"magnesium"
"337","total","ug/l","0705-0020","","07-KEUK-0.3",1000,"AE","07-KEUK-0.3_20180613",2018-06-13,14600,"A",NA,NA,"magnesium"
"338","total","ug/l","0705-0020","estimated value due to lab error","07-KEUK-0.3",10,"AE","07-KEUK-0.3_20181015",2018-10-15,8.3,"J",NA,NA,"manganese"
"339","total","ug/l","0705-0020","","07-KEUK-0.3",10,"AE","07-KEUK-0.3_20171017",2017-10-17,11.5,"0",NA,NA,"manganese"
"340","total","ug/l","0705-0020","","07-KEUK-0.3",10,"AE","07-KEUK-0.3_20190416",2019-04-16,12.9,"A",NA,NA,"manganese"
"341","total","ug/l","0705-0020","estimated value due to lab error","07-KEUK-0.3",10,"AE","07-KEUK-0.3_20191021",2019-10-21,9.8,"J",NA,NA,"manganese"
"342","total","ug/l","0705-0020","","07-KEUK-0.3",10,"AE","07-KEUK-0.3_20170816",2017-08-16,13.8,"0",NA,NA,"manganese"
"343","total","ug/l","0705-0020","","07-KEUK-0.3",10,"AE","07-KEUK-0.3_20170614",2017-06-14,10.8,"0",NA,NA,"manganese"
"344","total","ug/l","0705-0020","","07-KEUK-0.3",10,"AE","07-KEUK-0.3_20200805",2020-08-05,27.2,"A",NA,NA,"manganese"
"345","total","ug/l","0705-0020","estimated value due to lab error","07-KEUK-0.3",10,"AE","07-KEUK-0.3_20180613",2018-06-13,7.5,"J",NA,NA,"manganese"
"346","total","ug/l","0705-0020","estimated value due to lab error","07-KEUK-0.3",10,"AE","07-KEUK-0.3_20200616",2020-06-16,9.2,"J",NA,NA,"manganese"
"347","total","ug/l","0705-0020","","07-KEUK-0.3",10,"AE","07-KEUK-0.3_20180814",2018-08-14,140,"A",NA,NA,"manganese"
"348","total","ug/l","0705-0020","","07-KEUK-0.3",10,"AE","07-KEUK-0.3_20190611",2019-06-11,12.4,"A",NA,NA,"manganese"
"349","total","ug/l","0705-0020","","07-KEUK-0.3",10,"AE","07-KEUK-0.3_20180419",2018-04-19,20.7,"A",NA,NA,"manganese"
"350","total","ug/l","0705-0020","","07-KEUK-0.3",10,"AE","07-KEUK-0.3_20190813",2019-08-13,14.7,"A",NA,NA,"manganese"
"351","total","ug/l","0705-0020","","07-KEUK-0.3",10,"AE","07-KEUK-0.3_20200428",2020-04-28,12.9,"A",NA,NA,"manganese"
"352","total","ng/l","0705-0020","","07-KEUK-0.3",0.5,"AE","07-KEUK-0.3_20170816",2017-08-16,1.3,"0",NA,NA,"mercury"
"353","total","ng/l","0705-0020","","07-KEUK-0.3",0.5,"AE","07-KEUK-0.3_20171017",2017-10-17,0.75,"0",NA,NA,"mercury"
"354","total","ng/l","0705-0020","","07-KEUK-0.3",1,"AE","07-KEUK-0.3_20180613",2018-06-13,1.1,"A",NA,NA,"mercury"
"355","total","ng/l","0705-0020","","07-KEUK-0.3",1,"AE","07-KEUK-0.3_20200616",2020-06-16,1.6,"A",NA,NA,"mercury"
"356","total","ng/l","0705-0020","","07-KEUK-0.3",1,"AE","07-KEUK-0.3_20180419",2018-04-19,4,"A",NA,NA,"mercury"
"357","total","ng/l","0705-0020","","07-KEUK-0.3",1,"AE","07-KEUK-0.3_20190611",2019-06-11,1.8,"A",NA,NA,"mercury"
"358","total","ng/l","0705-0020","","07-KEUK-0.3",1,"AE","07-KEUK-0.3_20180814",2018-08-14,16,"A",NA,NA,"mercury"
"359","total","ng/l","0705-0020","","07-KEUK-0.3",1,"AE","07-KEUK-0.3_20181015",2018-10-15,1.9,"A",NA,NA,"mercury"
"360","total","ng/l","0705-0020","","07-KEUK-0.3",1,"AE","07-KEUK-0.3_20200805",2020-08-05,5.8,"A",NA,NA,"mercury"
"361","total","ng/l","0705-0020","","07-KEUK-0.3",1,"AE","07-KEUK-0.3_20190813",2019-08-13,1.4,"A",NA,NA,"mercury"
"362","total","ng/l","0705-0020","estimated value due to lab error","07-KEUK-0.3",1,"AE","07-KEUK-0.3_20191021",2019-10-21,0.7,"J",NA,NA,"mercury"
"363","dissolved","ug/l","0705-0020","","07-KEUK-0.3",1,"AE","07-KEUK-0.3_20171017",2017-10-17,1.4,"0",NA,NA,"nickel"
"364","dissolved","ug/l","0705-0020","","07-KEUK-0.3",1,"AE","07-KEUK-0.3_20190416",2019-04-16,1.2,"A",NA,NA,"nickel"
"365","dissolved","ug/l","0705-0020","","07-KEUK-0.3",1,"AE","07-KEUK-0.3_20190611",2019-06-11,1.3,"A",NA,NA,"nickel"
"366","dissolved","ug/l","0705-0020","","07-KEUK-0.3",1,"AE","07-KEUK-0.3_20170816",2017-08-16,1.8,"0",NA,NA,"nickel"
"367","dissolved","ug/l","0705-0020","","07-KEUK-0.3",1,"AE","07-KEUK-0.3_20190813",2019-08-13,1.1,"A",NA,NA,"nickel"
"368","dissolved","ug/l","0705-0020","","07-KEUK-0.3",1,"AE","07-KEUK-0.3_20180814",2018-08-14,1.5,"A",NA,NA,"nickel"
"369","dissolved","ug/l","0705-0020","","07-KEUK-0.3",1,"AE","07-KEUK-0.3_20191021",2019-10-21,1.2,"A",NA,NA,"nickel"
"370","dissolved","ug/l","0705-0020","","07-KEUK-0.3",1,"AE","07-KEUK-0.3_20200616",2020-06-16,1.1,"A",NA,NA,"nickel"
"371","dissolved","ug/l","0705-0020","estimated value due to lab error","07-KEUK-0.3",1,"AE","07-KEUK-0.3_20200428",2020-04-28,0.72,"J",NA,NA,"nickel"
"372","dissolved","ug/l","0705-0020","estimated value due to lab error","07-KEUK-0.3",1,"AE","07-KEUK-0.3_20180613",2018-06-13,0.95,"J",NA,NA,"nickel"
"373","dissolved","ug/l","0705-0020","estimated value due to lab error","07-KEUK-0.3",1,"AE","07-KEUK-0.3_20200805",2020-08-05,0.89,"J",NA,NA,"nickel"
"374","dissolved","ug/l","0705-0020","","07-KEUK-0.3",1,"AE","07-KEUK-0.3_20170614",2017-06-14,3.1,"0",NA,NA,"nickel"
"375","dissolved","ug/l","0705-0020","estimated value due to lab error","07-KEUK-0.3",1,"AE","07-KEUK-0.3_20180419",2018-04-19,0.6,"J",NA,NA,"nickel"
"376","dissolved","ug/l","0705-0020","estimated value due to lab error","07-KEUK-0.3",1,"AE","07-KEUK-0.3_20181015",2018-10-15,0.52,"J",NA,NA,"nickel"
"377","total","ug/l","0705-0020","","07-KEUK_T3-1.0",1,"AE","07-KEUK_T3-1.0_20180801",2018-08-01,4.2,"A",NA,NA,"nickel"
"378","total","ug/l","0705-0020","","07-KEUK-0.1",1,"AE","07-KEUK-0.1_20190815",2019-08-15,1.1,"A",NA,NA,"nickel"
"379","total","ug/l","0705-0020","","07-KEUK-0.1",1,"AE","07-KEUK-0.1_20190718",2019-07-18,1.4,"A",NA,NA,"nickel"
"380","total","ug/l","0705-0020","","07-KEUK-0.1",1,"AE","07-KEUK-0.1_20190619",2019-06-19,1,"A",NA,NA,"nickel"
"381","total","ug/l","0705-0020","estimated value due to lab error","07-KEUK-1.5",1,"AE","07-KEUK-1.5_20180801",2018-08-01,0.9,"J",NA,NA,"nickel"
"382","total","ug/l","0705-0020","estimated value due to lab error","07-KEUK-7.3",1,"AE","07-KEUK-7.3_20180802",2018-08-02,0.65,"J",NA,NA,"nickel"
"383","total","ug/l","0705-0020","","07-KEUK-3.4",1,"AE","07-KEUK-3.4_20180802",2018-08-02,1,"A",NA,NA,"nickel"
"384","total","ug/l","0705-0020","","07-JACB-1.9",1,"AE","07-JACB-1.9_20180802",2018-08-02,1.5,"A",NA,NA,"nickel"
"385","total","ug/l","0705-0020","estimated value due to lab error","07-KEUK-6.7",1,"AE","07-KEUK-6.7_20180802",2018-08-02,0.82,"J",NA,NA,"nickel"
"386","total","ug/l","0705-0020","","07-KEUK_T6-1.0",1,"AE","07-KEUK_T6-1.0_20180801",2018-08-01,3.9,"A",NA,NA,"nickel"
"387","total","mg/l","0705-0020","","07-KEUK-0.3",0.01,"AE","07-KEUK-0.3_20200805",2020-08-05,0.013,"A",NA,NA,"ammonia"
"388","total","mg/l","0705-0020","","07-KEUK_T6-1.0",0.005,"AE","07-KEUK_T6-1.0_20180801",2018-08-01,0.0186,"A",NA,NA,"ammonia"
"389","total","mg/l","0705-0020","","07-KEUK-3.4",0.005,"AE","07-KEUK-3.4_20180802",2018-08-02,0.0422,"A",NA,NA,"ammonia"
"390","total","mg/l","0705-0020","","07-KEUK-0.1",0.005,"AE","07-KEUK-0.1_20190619",2019-06-19,0.0263,"A",NA,NA,"ammonia"
"391","total","mg/l","0705-0020","","07-KEUK-0.3",0.005,"AE","07-KEUK-0.3_20180814",2018-08-14,0.348,"A",NA,NA,"ammonia"
"392","total","mg/l","0705-0020","","07-KEUK-0.3",0.01,"AE","07-KEUK-0.3_20200616",2020-06-16,0.016,"A",NA,NA,"ammonia"
"393","total","mg/l","0705-0020","","07-KEUK-0.3",0.005,"AE","07-KEUK-0.3_20171017",2017-10-17,0.007,"0",NA,NA,"ammonia"
"394","total","mg/l","0705-0020","Analyte was analyzed for but not detected","07-KEUK-0.3",0.005,"AE","07-KEUK-0.3_20181015",2018-10-15,NA,"U",NA,NA,"ammonia"
"395","total","mg/l","0705-0020","","07-KEUK-0.3",0.005,"AE","07-KEUK-0.3_20180613",2018-06-13,0.0102,"A",NA,NA,"ammonia"
"396","total","mg/l","0705-0020","","07-KEUK-0.3",0.01,"AE","07-KEUK-0.3_20200428",2020-04-28,0.01,"A",NA,NA,"ammonia"
"397","total","mg/l","0705-0020","","07-KEUK_T3-1.0",0.005,"AE","07-KEUK_T3-1.0_20180801",2018-08-01,0.0288,"A",NA,NA,"ammonia"
"398","total","mg/l","0705-0020","","07-KEUK-0.3",0.005,"AE","07-KEUK-0.3_20170816",2017-08-16,0.0287,"0",NA,NA,"ammonia"
"399","total","mg/l","0705-0020","","07-KEUK-0.3",0.005,"AE","07-KEUK-0.3_20180419",2018-04-19,0.014,"A",NA,NA,"ammonia"
"400","total","mg/l","0705-0020","","07-JACB-1.9",0.005,"AE","07-JACB-1.9_20180802",2018-08-02,0.016,"A",NA,NA,"ammonia"
"401","total","mg/l","0705-0020","Analyte was analyzed for but not detected","07-KEUK-7.3",0.005,"AE","07-KEUK-7.3_20180802",2018-08-02,NA,"U",NA,NA,"ammonia"
"402","total","mg/l","0705-0020","","07-KEUK-0.1",0.01,"AE","07-KEUK-0.1_20190815",2019-08-15,0.03,"A",NA,NA,"ammonia"
"403","total","mg/l","0705-0020","","07-KEUK-1.5",0.005,"AE","07-KEUK-1.5_20180801",2018-08-01,0.0139,"A",NA,NA,"ammonia"
"404","total","mg/l","0705-0020","","07-KEUK-6.7",0.005,"AE","07-KEUK-6.7_20180802",2018-08-02,0.0169,"A",NA,NA,"ammonia"
"405","total","mg/l","0705-0020","","07-KEUK-0.3",0.005,"AE","07-KEUK-0.3_20170614",2017-06-14,0.0166,"0",NA,NA,"ammonia"
"406","total","mg/l","0705-0020","","07-KEUK-0.3",0.1,"AE","07-KEUK-0.3_20170816",2017-08-16,0.45,"0",NA,NA,"nitrogen, kjeldahl, total"
"407","total","mg/l","0705-0020","","07-KEUK_T6-1.0",0.1,"AE","07-KEUK_T6-1.0_20180801",2018-08-01,1.3,"A",NA,NA,"nitrogen, kjeldahl, total"
"408","total","mg/l","0705-0020","","07-KEUK-0.1",0.1,"AE","07-KEUK-0.1_20190815",2019-08-15,0.32,"A",NA,NA,"nitrogen, kjeldahl, total"
"409","total","mg/l","0705-0020","","07-KEUK-0.3",0.1,"AE","07-KEUK-0.3_20180814",2018-08-14,1.56,"A",NA,NA,"nitrogen, kjeldahl, total"
"410","total","mg/l","0705-0020","","07-KEUK-0.3",0.1,"AE","07-KEUK-0.3_20190813",2019-08-13,0.55,"A",NA,NA,"nitrogen, kjeldahl, total"
"411","total","mg/l","0705-0020","","07-KEUK-0.1",0.1,"AE","07-KEUK-0.1_20190619",2019-06-19,0.4,"A",NA,NA,"nitrogen, kjeldahl, total"
"412","total","mg/l","0705-0020","","07-KEUK-0.3",0.1,"AE","07-KEUK-0.3_20171017",2017-10-17,0.68,"0",NA,NA,"nitrogen, kjeldahl, total"
"413","total","mg/l","0705-0020","","07-KEUK-7.3",0.1,"AE","07-KEUK-7.3_20180802",2018-08-02,1,"A",NA,NA,"nitrogen, kjeldahl, total"
"414","total","mg/l","0705-0020","","07-KEUK-6.7",0.1,"AE","07-KEUK-6.7_20180802",2018-08-02,0.68,"A",NA,NA,"nitrogen, kjeldahl, total"
"415","total","mg/l","0705-0020","","07-KEUK-0.3",0.1,"AE","07-KEUK-0.3_20190416",2019-04-16,0.5,"A",NA,NA,"nitrogen, kjeldahl, total"
"416","total","mg/l","0705-0020","","07-KEUK-0.1",0.1,"AE","07-KEUK-0.1_20190718",2019-07-18,0.48,"A",NA,NA,"nitrogen, kjeldahl, total"
"417","total","mg/l","0705-0020","","07-KEUK-0.3",0.1,"AE","07-KEUK-0.3_20200616",2020-06-16,0.3,"A",NA,NA,"nitrogen, kjeldahl, total"
"418","total","mg/l","0705-0020","","07-KEUK-0.3",0.1,"AE","07-KEUK-0.3_20200805",2020-08-05,0.37,"A",NA,NA,"nitrogen, kjeldahl, total"
"419","total","mg/l","0705-0020","","07-KEUK-0.3",0.1,"AE","07-KEUK-0.3_20191021",2019-10-21,0.3,"A",NA,NA,"nitrogen, kjeldahl, total"
"420","total","mg/l","0705-0020","","07-KEUK-0.3",0.1,"AE","07-KEUK-0.3_20170614",2017-06-14,0.4,"0",NA,NA,"nitrogen, kjeldahl, total"
"421","total","mg/l","0705-0020","","07-KEUK-0.3",0.1,"AE","07-KEUK-0.3_20180419",2018-04-19,0.34,"A",NA,NA,"nitrogen, kjeldahl, total"
"422","total","mg/l","0705-0020","","07-KEUK-1.5",0.1,"AE","07-KEUK-1.5_20180801",2018-08-01,0.51,"A",NA,NA,"nitrogen, kjeldahl, total"
"423","total","mg/l","0705-0020","","07-KEUK_T3-1.0",0.1,"AE","07-KEUK_T3-1.0_20180801",2018-08-01,1.83,"A",NA,NA,"nitrogen, kjeldahl, total"
"424","total","mg/l","0705-0020","","07-KEUK-0.3",0.1,"AE","07-KEUK-0.3_20181015",2018-10-15,0.31,"A",NA,NA,"nitrogen, kjeldahl, total"
"425","total","mg/l","0705-0020","","07-JACB-1.9",0.1,"AE","07-JACB-1.9_20180802",2018-08-02,0.47,"A",NA,NA,"nitrogen, kjeldahl, total"
"426","total","mg/l","0705-0020","","07-KEUK-0.3",0.1,"AE","07-KEUK-0.3_20180613",2018-06-13,0.5,"A",NA,NA,"nitrogen, kjeldahl, total"
"427","total","mg/l","0705-0020","","07-KEUK-3.4",0.1,"AE","07-KEUK-3.4_20180802",2018-08-02,0.44,"A",NA,NA,"nitrogen, kjeldahl, total"
"428","total","mg/l","0705-0020","","07-KEUK-0.3",0.1,"AE","07-KEUK-0.3_20190611",2019-06-11,0.74,"A",NA,NA,"nitrogen, kjeldahl, total"
"429","total","mg/l","0705-0020","","07-KEUK-0.3",0.1,"AE","07-KEUK-0.3_20200428",2020-04-28,0.3,"A",NA,NA,"nitrogen, kjeldahl, total"
"430","total","mg/l","0705-0020","","07-KEUK-0.3",0.008,"AE","07-KEUK-0.3_20181015",2018-10-15,0.37,"A",NA,NA,"nitrate_nitrite"
"431","total","mg/l","0705-0020","","07-KEUK_T6-1.0",0.002,"AE","07-KEUK_T6-1.0_20180801",2018-08-01,0.932,"A",NA,NA,"nitrate_nitrite"
"432","total","mg/l","0705-0020","","07-KEUK-0.3",0.002,"AE","07-KEUK-0.3_20190416",2019-04-16,1.98,"A",NA,NA,"nitrate_nitrite"
"433","total","mg/l","0705-0020","","07-KEUK-0.3",0.002,"AE","07-KEUK-0.3_20200805",2020-08-05,0.54,"A",NA,NA,"nitrate_nitrite"
"434","total","mg/l","0705-0020","","07-KEUK-0.3",0.002,"AE","07-KEUK-0.3_20171017",2017-10-17,0.692,"0",NA,NA,"nitrate_nitrite"
"435","total","mg/l","0705-0020","","07-KEUK-0.3",0.002,"AE","07-KEUK-0.3_20180419",2018-04-19,0.535,"A",NA,NA,"nitrate_nitrite"
"436","total","mg/l","0705-0020","","07-KEUK-0.3",0.002,"AE","07-KEUK-0.3_20200616",2020-06-16,1.01,"A",NA,NA,"nitrate_nitrite"
"437","total","mg/l","0705-0020","","07-JACB-1.9",0.002,"AE","07-JACB-1.9_20180802",2018-08-02,1.63,"A",NA,NA,"nitrate_nitrite"
"438","total","mg/l","0705-0020","","07-KEUK-0.3",0.002,"AE","07-KEUK-0.3_20170816",2017-08-16,0.734,"0",NA,NA,"nitrate_nitrite"
"439","total","mg/l","0705-0020","estimated value due to Equipment Blank error","07-KEUK-6.7",0.002,"AE","07-KEUK-6.7_20180802",2018-08-02,0.0253,"J",NA,NA,"nitrate_nitrite"
"440","total","mg/l","0705-0020","","07-KEUK-0.3",0.002,"AE","07-KEUK-0.3_20200428",2020-04-28,0.636,"A",NA,NA,"nitrate_nitrite"
"441","total","mg/l","0705-0020","","07-KEUK-0.1",0.002,"AE","07-KEUK-0.1_20190718",2019-07-18,1.72,"A",NA,NA,"nitrate_nitrite"
"442","total","mg/l","0705-0020","","07-KEUK-1.5",0.002,"AE","07-KEUK-1.5_20180801",2018-08-01,0.875,"A",NA,NA,"nitrate_nitrite"
"443","total","mg/l","0705-0020","","07-KEUK-0.3",0.0025,"AE","07-KEUK-0.3_20170614",2017-06-14,0.759,"0",NA,NA,"nitrate_nitrite"
"444","total","mg/l","0705-0020","","07-KEUK_T3-1.0",0.002,"AE","07-KEUK_T3-1.0_20180801",2018-08-01,0.0915,"A",NA,NA,"nitrate_nitrite"
"445","total","mg/l","0705-0020","","07-KEUK-0.3",0.002,"AE","07-KEUK-0.3_20180814",2018-08-14,1.78,"A",NA,NA,"nitrate_nitrite"
"446","total","mg/l","0705-0020","","07-KEUK-0.3",0.002,"AE","07-KEUK-0.3_20180613",2018-06-13,1.5,"A",NA,NA,"nitrate_nitrite"
"447","total","mg/l","0705-0020","","07-KEUK-0.3",0.002,"AE","07-KEUK-0.3_20191021",2019-10-21,0.71,"A",NA,NA,"nitrate_nitrite"
"448","total","mg/l","0705-0020","","07-KEUK-0.3",0.002,"AE","07-KEUK-0.3_20190611",2019-06-11,1.72,"A",NA,NA,"nitrate_nitrite"
"449","total","mg/l","0705-0020","","07-KEUK-0.3",0.002,"AE","07-KEUK-0.3_20190813",2019-08-13,1.87,"A",NA,NA,"nitrate_nitrite"
"450","total","mg/l","0705-0020","","07-KEUK-3.4",0.002,"AE","07-KEUK-3.4_20180802",2018-08-02,1.21,"A",NA,NA,"nitrate_nitrite"
"451","total","mg/l","0705-0020","","07-KEUK-0.3",0.01,"AE","07-KEUK-0.3_20180814",2018-08-14,1.7,"A",NA,NA,"nitrate"
"452","total","mg/l","0705-0020","","07-KEUK-0.3",0.01,"AE","07-KEUK-0.3_20171017",2017-10-17,0.692,"0",NA,NA,"nitrate"
"453","total","mg/l","0705-0020","","07-KEUK-0.3",0.01,"AE","07-KEUK-0.3_20190416",2019-04-16,1.96,"A",NA,NA,"nitrate"
"454","total","mg/l","0705-0020","","07-KEUK-0.1",0.01,"AE","07-KEUK-0.1_20190815",2019-08-15,1.49,"A",NA,NA,"nitrate"
"455","total","mg/l","0705-0020","","07-KEUK-0.3",0.01,"AE","07-KEUK-0.3_20190813",2019-08-13,1.86,"A",NA,NA,"nitrate"
"456","total","mg/l","0705-0020","","07-KEUK_T3-1.0",0.01,"AE","07-KEUK_T3-1.0_20180801",2018-08-01,0.092,"A",NA,NA,"nitrate"
"457","total","mg/l","0705-0020","","07-KEUK-0.3",0.01,"AE","07-KEUK-0.3_20200805",2020-08-05,0.54,"A",NA,NA,"nitrate"
"458","total","mg/l","0705-0020","","07-KEUK_T6-1.0",0.01,"AE","07-KEUK_T6-1.0_20180801",2018-08-01,0.932,"A",NA,NA,"nitrate"
"459","total","mg/l","0705-0020","","07-KEUK-1.5",0.01,"AE","07-KEUK-1.5_20180801",2018-08-01,0.843,"A",NA,NA,"nitrate"
"460","total","mg/l","0705-0020","","07-KEUK-0.3",0.01,"AE","07-KEUK-0.3_20170816",2017-08-16,0.641,"0",NA,NA,"nitrate"
"461","total","mg/l","0705-0020","Analyte was analyzed for but not detected","07-KEUK-7.3",0.01,"AE","07-KEUK-7.3_20180802",2018-08-02,NA,"U",NA,NA,"nitrate"
"462","total","mg/l","0705-0020","","07-KEUK-0.1",0.01,"AE","07-KEUK-0.1_20190619",2019-06-19,0.622,"A",NA,NA,"nitrate"
"463","total","mg/l","0705-0020","","07-KEUK-0.3",0.01,"AE","07-KEUK-0.3_20180419",2018-04-19,0.535,"A",NA,NA,"nitrate"
"464","total","mg/l","0705-0020","","07-KEUK-0.1",0.01,"AE","07-KEUK-0.1_20190718",2019-07-18,1.65,"A",NA,NA,"nitrate"
"465","total","mg/l","0705-0020","","07-KEUK-0.3",0.01,"AE","07-KEUK-0.3_20170614",2017-06-14,0.746,"0",NA,NA,"nitrate"
"466","total","mg/l","0705-0020","","07-KEUK-0.3",0.01,"AE","07-KEUK-0.3_20180613",2018-06-13,1.48,"A",NA,NA,"nitrate"
"467","total","mg/l","0705-0020","","07-KEUK-0.3",0.01,"AE","07-KEUK-0.3_20191021",2019-10-21,0.71,"A",NA,NA,"nitrate"
"468","total","mg/l","0705-0020","","07-KEUK-6.7",0.01,"AE","07-KEUK-6.7_20180802",2018-08-02,0.025,"A",NA,NA,"nitrate"
"469","total","mg/l","0705-0020","","07-KEUK-0.3",0.01,"AE","07-KEUK-0.3_20200616",2020-06-16,0.999,"A",NA,NA,"nitrate"
"470","total","mg/l","0705-0020","","07-JACB-1.9",0.01,"AE","07-JACB-1.9_20180802",2018-08-02,1.62,"A",NA,NA,"nitrate"
"471","total","mg/l","0705-0020","","07-KEUK-3.4",0.01,"AE","07-KEUK-3.4_20180802",2018-08-02,1.13,"A",NA,NA,"nitrate"
"472","total","mg/l","0705-0020","","07-KEUK-0.3",0.01,"AE","07-KEUK-0.3_20190611",2019-06-11,1.61,"A",NA,NA,"nitrate"
"473","total","mg/l","0705-0020","","07-KEUK-0.3",0.01,"AE","07-KEUK-0.3_20181015",2018-10-15,0.37,"A",NA,NA,"nitrate"
"474","total","mg/l","0705-0020","","07-KEUK-0.3",0.01,"AE","07-KEUK-0.3_20200428",2020-04-28,0.636,"A",NA,NA,"nitrate"
"475","total","mg/l","0705-0020","Analyte was analyzed for but not detected","07-KEUK-0.3",0.01,"AE","07-KEUK-0.3_20200428",2020-04-28,NA,"U",NA,NA,"nitrite"
"476","total","mg/l","0705-0020","","07-KEUK-3.4",0.01,"AE","07-KEUK-3.4_20180802",2018-08-02,0.084,"A",NA,NA,"nitrite"
"477","total","mg/l","0705-0020","","07-KEUK-0.3",0.01,"AE","07-KEUK-0.3_20180613",2018-06-13,0.029,"A",NA,NA,"nitrite"
"478","total","mg/l","0705-0020","","07-KEUK-0.3",0.01,"AE","07-KEUK-0.3_20170816",2017-08-16,0.093,"0",NA,NA,"nitrite"
"479","total","mg/l","0705-0020","Analyte was analyzed for but not detected","07-KEUK-0.3",0.01,"AE","07-KEUK-0.3_20180419",2018-04-19,NA,"U",NA,NA,"nitrite"
"480","total","mg/l","0705-0020","","07-KEUK-0.1",0.01,"AE","07-KEUK-0.1_20190619",2019-06-19,0.019,"A",NA,NA,"nitrite"
"481","total","mg/l","0705-0020","Analyte was analyzed for but not detected","07-KEUK-6.7",0.01,"AE","07-KEUK-6.7_20180802",2018-08-02,NA,"U",NA,NA,"nitrite"
"482","total","mg/l","0705-0020","","07-KEUK-0.3",0.01,"AE","07-KEUK-0.3_20190611",2019-06-11,0.115,"A",NA,NA,"nitrite"
"483","total","mg/l","0705-0020","","07-KEUK-1.5",0.01,"AE","07-KEUK-1.5_20180801",2018-08-01,0.032,"A",NA,NA,"nitrite"
"484","total","mg/l","0705-0020","","07-KEUK-0.3",0.01,"AE","07-KEUK-0.3_20171017",2017-10-17,NA,"0",NA,NA,"nitrite"
"485","total","mg/l","0705-0020","","07-KEUK-0.3",0.01,"AE","07-KEUK-0.3_20190416",2019-04-16,0.02,"A",NA,NA,"nitrite"
"486","total","mg/l","0705-0020","","07-JACB-1.9",0.01,"AE","07-JACB-1.9_20180802",2018-08-02,0.015,"A",NA,NA,"nitrite"
"487","total","mg/l","0705-0020","Analyte was analyzed for but not detected","07-KEUK-0.3",0.01,"AE","07-KEUK-0.3_20200805",2020-08-05,NA,"U",NA,NA,"nitrite"
"488","total","mg/l","0705-0020","Analyte was analyzed for but not detected","07-KEUK-0.3",0.01,"AE","07-KEUK-0.3_20181015",2018-10-15,NA,"U",NA,NA,"nitrite"
"489","total","mg/l","0705-0020","Analyte was analyzed for but not detected","07-KEUK_T6-1.0",0.01,"AE","07-KEUK_T6-1.0_20180801",2018-08-01,NA,"U",NA,NA,"nitrite"
"490","total","mg/l","0705-0020","Analyte was analyzed for but not detected","07-KEUK_T3-1.0",0.01,"AE","07-KEUK_T3-1.0_20180801",2018-08-01,NA,"U",NA,NA,"nitrite"
"491","total","mg/l","0705-0020","","07-KEUK-0.3",0.01,"AE","07-KEUK-0.3_20170614",2017-06-14,0.013,"0",NA,NA,"nitrite"
"492","total","mg/l","0705-0020","Analyte was analyzed for but not detected","07-KEUK-7.3",0.01,"AE","07-KEUK-7.3_20180802",2018-08-02,NA,"U",NA,NA,"nitrite"
"493","total","mg/l","0705-0020","","07-KEUK-0.1",0.01,"AE","07-KEUK-0.1_20190718",2019-07-18,0.071,"A",NA,NA,"nitrite"
"494","total","mg/l","0705-0020","","07-KEUK-0.1",0.01,"AE","07-KEUK-0.1_20190815",2019-08-15,0.012,"A",NA,NA,"nitrite"
"495","total","mg/l","0705-0020","","07-KEUK-0.3",0.01,"AE","07-KEUK-0.3_20200616",2020-06-16,0.015,"A",NA,NA,"nitrite"
"496","total","mg/l","0705-0020","","07-KEUK-0.3",0.01,"AE","07-KEUK-0.3_20180814",2018-08-14,0.086,"A",NA,NA,"nitrite"
"497","total","mg/l","0705-0020","Analyte was analyzed for but not detected","07-KEUK-0.3",0.01,"AE","07-KEUK-0.3_20191021",2019-10-21,NA,"U",NA,NA,"nitrite"
"498","total","mg/l","0705-0020","","07-KEUK-0.3",0.1,"AE","07-KEUK-0.3_20190813",2019-08-13,2.42,"A",NA,NA,"nitrogen, total"
"499","total","mg/l","0705-0020","","07-KEUK-0.3",0.1,"AE","07-KEUK-0.3_20200616",2020-06-16,1.32,"A",NA,NA,"nitrogen, total"
"500","total","mg/l","0705-0020","","07-KEUK-0.1",0.1,"AE","07-KEUK-0.1_20190815",2019-08-15,1.51,"A",NA,NA,"nitrogen, total"
"501","total","mg/l","0705-0020","","07-KEUK-0.3",0.05,"AE","07-KEUK-0.3_20180419",2018-04-19,0.87,"A",NA,NA,"nitrogen, total"
"502","total","mg/l","0705-0020","","07-KEUK-0.3",0.1,"AE","07-KEUK-0.3_20180613",2018-06-13,2,"A",NA,NA,"nitrogen, total"
"503","total","mg/l","0705-0020","","07-KEUK-0.1",0.1,"AE","07-KEUK-0.1_20190619",2019-06-19,1.04,"A",NA,NA,"nitrogen, total"
"504","total","mg/l","0705-0020","","07-KEUK-0.1",0.1,"AE","07-KEUK-0.1_20190718",2019-07-18,2.2,"A",NA,NA,"nitrogen, total"
"505","total","mg/l","0705-0020","","07-KEUK_T3-1.0",0.1,"AE","07-KEUK_T3-1.0_20180801",2018-08-01,1.92,"A",NA,NA,"nitrogen, total"
"506","total","mg/l","0705-0020","","07-KEUK-0.3",0.1,"AE","07-KEUK-0.3_20200805",2020-08-05,0.91,"A",NA,NA,"nitrogen, total"
"507","total","mg/l","0705-0020","","07-KEUK-0.3",0.1,"AE","07-KEUK-0.3_20190416",2019-04-16,2.48,"A",NA,NA,"nitrogen, total"
"508","total","mg/l","0705-0020","","07-KEUK-0.3",0.1,"AE","07-KEUK-0.3_20200428",2020-04-28,0.94,"A",NA,NA,"nitrogen, total"
"509","total","mg/l","0705-0020","","07-KEUK-7.3",0.1,"AE","07-KEUK-7.3_20180802",2018-08-02,1.01,"A",NA,NA,"nitrogen, total"
"510","total","mg/l","0705-0020","","07-KEUK-3.4",0.1,"AE","07-KEUK-3.4_20180802",2018-08-02,1.66,"A",NA,NA,"nitrogen, total"
"511","total","mg/l","0705-0020","","07-KEUK-1.5",0.1,"AE","07-KEUK-1.5_20180801",2018-08-01,1.38,"A",NA,NA,"nitrogen, total"
"512","total","mg/l","0705-0020","","07-KEUK-0.3",0.1,"AE","07-KEUK-0.3_20180814",2018-08-14,3.34,"A",NA,NA,"nitrogen, total"
"513","total","mg/l","0705-0020","","07-KEUK_T6-1.0",0.1,"AE","07-KEUK_T6-1.0_20180801",2018-08-01,2.23,"A",NA,NA,"nitrogen, total"
"514","total","mg/l","0705-0020","","07-KEUK-6.7",0.1,"AE","07-KEUK-6.7_20180802",2018-08-02,0.7,"A",NA,NA,"nitrogen, total"
"515","total","mg/l","0705-0020","","07-KEUK-0.3",0.1,"AE","07-KEUK-0.3_20181015",2018-10-15,0.68,"A",NA,NA,"nitrogen, total"
"516","total","mg/l","0705-0020","","07-KEUK-0.3",0.1,"AE","07-KEUK-0.3_20191021",2019-10-21,1.01,"A",NA,NA,"nitrogen, total"
"517","total","mg/l","0705-0020","","07-KEUK-0.3",0.1,"AE","07-KEUK-0.3_20190611",2019-06-11,2.47,"A",NA,NA,"nitrogen, total"
"518","total","mg/l","0705-0020","","07-JACB-1.9",0.1,"AE","07-JACB-1.9_20180802",2018-08-02,2.1,"A",NA,NA,"nitrogen, total"
"519","","ph units","0705-0020","","07-KEUK-0.3",NA,"AE","07-KEUK-0.3_20170614",2017-06-14,8.23,"0",NA,NA,"ph"
"520","","ph units","0705-0020","","07-KEUK-0.3",NA,"AE","07-KEUK-0.3_20170816",2017-08-16,8.01,"0",NA,NA,"ph"
"521","","ph units","0705-0020","","07-KEUK-0.3",NA,"AE","07-KEUK-0.3_20171017",2017-10-17,8.1,"0",NA,NA,"ph"
"522","","ph units","0705-0020",NA,"07-KEUK_T3-1.0",NA,NA,"07-KEUK_T3-1.0_20180801",2018-08-01,7.5,NA,NA,NA,"ph"
"523","","ph units","0705-0020",NA,"07-KEUK_T6-1.0",NA,NA,"07-KEUK_T6-1.0_20180801",2018-08-01,7.9,NA,NA,NA,"ph"
"524","","ph units","0705-0020",NA,"07-JACB-1.9",NA,NA,"07-JACB-1.9_20160712",2016-07-12,8.1,NA,NA,NA,"ph"
"525","","ph units","0705-0020",NA,"07-JACB-1.9",NA,NA,"07-JACB-1.9_20180802",2018-08-02,8.19,NA,NA,NA,"ph"
"526","","ph units","0705-0020",NA,"07-KEUK-0.1",NA,NA,"07-KEUK-0.1_20190619",2019-06-19,8.37,NA,NA,NA,"ph"
"527","","ph units","0705-0020",NA,"07-KEUK-0.1",NA,NA,"07-KEUK-0.1_20190718",2019-07-18,8.38,NA,NA,NA,"ph"
"528","","ph units","0705-0020",NA,"07-KEUK-0.1",NA,NA,"07-KEUK-0.1_20190815",2019-08-15,8.04,NA,NA,NA,"ph"
"529","","ph units","0705-0020",NA,"07-KEUK-0.3",NA,NA,"07-KEUK-0.3_20110920",2011-09-20,8.5,NA,NA,NA,"ph"
"530","","ph units","0705-0020",NA,"07-KEUK-0.3",NA,NA,"07-KEUK-0.3_20160712",2016-07-12,8.6,NA,NA,NA,"ph"
"531","","ph units","0705-0020",NA,"07-KEUK-0.3",NA,NA,"07-KEUK-0.3_20180801",2018-08-01,8.4,NA,NA,NA,"ph"
"532","","ph units","0705-0020",NA,"07-KEUK-1.5",NA,NA,"07-KEUK-1.5_20180801",2018-08-01,8.5,NA,NA,NA,"ph"
"533","","ph units","0705-0020",NA,"07-KEUK-3.4",NA,NA,"07-KEUK-3.4_20180802",2018-08-02,8.4,NA,NA,NA,"ph"
"534","","ph units","0705-0020",NA,"07-KEUK-6.7",NA,NA,"07-KEUK-6.7_20180802",2018-08-02,8.1,NA,NA,NA,"ph"
"535","","ph units","0705-0020",NA,"07-KEUK-7.3",NA,NA,"07-KEUK-7.3_20180802",2018-08-02,7.9,NA,NA,NA,"ph"
"536","dissolved","mg/l","0705-0020","","07-KEUK-0.1",0.005,"AE","07-KEUK-0.1_20190619",2019-06-19,0.0113,"A",NA,NA,"phosphorus, dissolved orthophosphate (as p)"
"537","dissolved","mg/l","0705-0020","","07-KEUK-0.3",0.005,"AE","07-KEUK-0.3_20190416",2019-04-16,0.0059,"A",NA,NA,"phosphorus, dissolved orthophosphate (as p)"
"538","dissolved","mg/l","0705-0020","","07-KEUK-0.3",0.005,"AE","07-KEUK-0.3_20200428",2020-04-28,0.0054,"A",NA,NA,"phosphorus, dissolved orthophosphate (as p)"
"539","dissolved","mg/l","0705-0020","","07-KEUK-0.3",0.005,"AE","07-KEUK-0.3_20190611",2019-06-11,0.0285,"A",NA,NA,"phosphorus, dissolved orthophosphate (as p)"
"540","dissolved","mg/l","0705-0020","","07-KEUK-0.3",0.005,"AE","07-KEUK-0.3_20200616",2020-06-16,0.202,"A",NA,NA,"phosphorus, dissolved orthophosphate (as p)"
"541","dissolved","mg/l","0705-0020","","07-KEUK-0.3",0.005,"AE","07-KEUK-0.3_20200805",2020-08-05,0.0164,"A",NA,NA,"phosphorus, dissolved orthophosphate (as p)"
"542","dissolved","mg/l","0705-0020","","07-KEUK-0.3",0.005,"AE","07-KEUK-0.3_20190813",2019-08-13,0.0369,"A",NA,NA,"phosphorus, dissolved orthophosphate (as p)"
"543","dissolved","mg/l","0705-0020","","07-KEUK-0.3",0.005,"AE","07-KEUK-0.3_20191021",2019-10-21,0.0052,"A",NA,NA,"phosphorus, dissolved orthophosphate (as p)"
"544","dissolved","mg/l","0705-0020","","07-KEUK-0.3",0.005,"AE","07-KEUK-0.3_20170614",2017-06-14,0.0178,"0",NA,NA,"phosphorus, dissolved orthophosphate (as p)"
"545","dissolved","mg/l","0705-0020","","07-KEUK-0.3",0.005,"AE","07-KEUK-0.3_20170816",2017-08-16,0.0051,"0",NA,NA,"phosphorus, dissolved orthophosphate (as p)"
"546","dissolved","mg/l","0705-0020","","07-KEUK-0.3",0.005,"AE","07-KEUK-0.3_20171017",2017-10-17,0.0097,"0",NA,NA,"phosphorus, dissolved orthophosphate (as p)"
"547","dissolved","mg/l","0705-0020","","07-KEUK-0.1",0.005,"AE","07-KEUK-0.1_20190815",2019-08-15,0.0234,"A",NA,NA,"phosphorus, dissolved orthophosphate (as p)"
"548","total","mg/l","0705-0020","","07-KEUK-0.3",0.05,"AE","07-KEUK-0.3_20180814",2018-08-14,0.316,"A",NA,NA,"phosphorus"
"549","total","mg/l","0705-0020","","07-KEUK-0.3",0.05,"AE","07-KEUK-0.3_20200616",2020-06-16,0.233,"A",NA,NA,"phosphorus"
"550","total","mg/l","0705-0020","","07-KEUK-0.3",0.003,"AE","07-KEUK-0.3_20170816",2017-08-16,0.0259,"0",NA,NA,"phosphorus"
"551","total","mg/l","0705-0020","","07-KEUK_T3-1.0",0.025,"AE","07-KEUK_T3-1.0_20180801",2018-08-01,0.217,"A",NA,NA,"phosphorus"
"552","total","mg/l","0705-0020","","07-KEUK-7.3",0.005,"AE","07-KEUK-7.3_20180802",2018-08-02,0.0278,"A",NA,NA,"phosphorus"
"553","total","mg/l","0705-0020","","07-KEUK-0.3",0.003,"AE","07-KEUK-0.3_20170614",2017-06-14,0.0258,"0",NA,NA,"phosphorus"
"554","total","mg/l","0705-0020","","07-KEUK-1.5",0.005,"AE","07-KEUK-1.5_20180801",2018-08-01,0.0216,"A",NA,NA,"phosphorus"
"555","total","mg/l","0705-0020","","07-KEUK-0.1",0.005,"AE","07-KEUK-0.1_20190619",2019-06-19,0.0214,"A",NA,NA,"phosphorus"
"556","total","mg/l","0705-0020","","07-KEUK-0.1",0.005,"AE","07-KEUK-0.1_20190718",2019-07-18,0.0263,"A",NA,NA,"phosphorus"
"557","total","mg/l","0705-0020","","07-KEUK-0.3",0.005,"AE","07-KEUK-0.3_20200428",2020-04-28,0.0205,"A",NA,NA,"phosphorus"
"558","total","mg/l","0705-0020","","07-KEUK_T6-1.0",0.05,"AE","07-KEUK_T6-1.0_20180801",2018-08-01,0.398,"A",NA,NA,"phosphorus"
"559","total","mg/l","0705-0020","","07-KEUK-0.3",0.003,"AE","07-KEUK-0.3_20180419",2018-04-19,0.068,"A",NA,NA,"phosphorus"
"560","total","mg/l","0705-0020","","07-KEUK-6.7",0.005,"AE","07-KEUK-6.7_20180802",2018-08-02,0.0264,"A",NA,NA,"phosphorus"
"561","total","mg/l","0705-0020","","07-KEUK-0.3",0.003,"AE","07-KEUK-0.3_20171017",2017-10-17,0.0205,"0",NA,NA,"phosphorus"
"562","total","mg/l","0705-0020","","07-KEUK-0.3",0.005,"AE","07-KEUK-0.3_20190416",2019-04-16,0.0145,"A",NA,NA,"phosphorus"
"563","total","mg/l","0705-0020","","07-KEUK-3.4",0.005,"AE","07-KEUK-3.4_20180802",2018-08-02,0.0276,"A",NA,NA,"phosphorus"
"564","total","mg/l","0705-0020","","07-KEUK-0.3",0.005,"AE","07-KEUK-0.3_20190611",2019-06-11,0.0414,"A",NA,NA,"phosphorus"
"565","total","mg/l","0705-0020","","07-KEUK-0.3",0.005,"AE","07-KEUK-0.3_20180613",2018-06-13,0.024,"A",NA,NA,"phosphorus"
"566","total","mg/l","0705-0020","","07-KEUK-0.3",0.005,"AE","07-KEUK-0.3_20200805",2020-08-05,0.0418,"A",NA,NA,"phosphorus"
"567","total","mg/l","0705-0020","","07-KEUK-0.3",0.005,"AE","07-KEUK-0.3_20181015",2018-10-15,0.0161,"A",NA,NA,"phosphorus"
"568","total","mg/l","0705-0020","","07-KEUK-0.1",0.005,"AE","07-KEUK-0.1_20190815",2019-08-15,0.0382,"A",NA,NA,"phosphorus"
"569","total","mg/l","0705-0020","","07-KEUK-0.3",0.005,"AE","07-KEUK-0.3_20191021",2019-10-21,0.0151,"A",NA,NA,"phosphorus"
"570","total","mg/l","0705-0020","","07-KEUK-0.3",0.005,"AE","07-KEUK-0.3_20190813",2019-08-13,0.0415,"A",NA,NA,"phosphorus"
"571","total","mg/l","0705-0020","","07-JACB-1.9",0.005,"AE","07-JACB-1.9_20180802",2018-08-02,0.0428,"A",NA,NA,"phosphorus"
"572","","rfu","0705-0020",NA,"07-KEUK-0.1",NA,NA,"07-KEUK-0.1_20190619",2019-06-19,0,NA,NA,NA,"phycocyanin (probe)"
"573","","rfu","0705-0020",NA,"07-KEUK-0.1",NA,NA,"07-KEUK-0.1_20190718",2019-07-18,0,NA,NA,NA,"phycocyanin (probe)"
"574","","rfu","0705-0020",NA,"07-KEUK-0.1",NA,NA,"07-KEUK-0.1_20190815",2019-08-15,0.25,NA,NA,NA,"phycocyanin (probe)"
"575","","ug/l","0705-0020",NA,"07-KEUK-0.1",NA,NA,"07-KEUK-0.1_20190619",2019-06-19,0,NA,NA,NA,"phycocyanin (probe)"
"576","","ug/l","0705-0020",NA,"07-KEUK-0.1",NA,NA,"07-KEUK-0.1_20190718",2019-07-18,0,NA,NA,NA,"phycocyanin (probe)"
"577","","ug/l","0705-0020",NA,"07-KEUK-0.1",NA,NA,"07-KEUK-0.1_20190815",2019-08-15,0.18,NA,NA,NA,"phycocyanin (probe)"
"578","total","ug/l","0705-0020","","07-KEUK-0.3",2000,"AE","07-KEUK-0.3_20200428",2020-04-28,2350,"A",NA,NA,"potassium"
"579","total","ug/l","0705-0020","","07-KEUK-0.3",2000,"AE","07-KEUK-0.3_20170614",2017-06-14,2890,"0",NA,NA,"potassium"
"580","total","ug/l","0705-0020","","07-KEUK-0.3",2000,"AE","07-KEUK-0.3_20200616",2020-06-16,2880,"A",NA,NA,"potassium"
"581","total","ug/l","0705-0020","","07-KEUK-0.3",2000,"AE","07-KEUK-0.3_20170816",2017-08-16,2660,"0",NA,NA,"potassium"
"582","total","ug/l","0705-0020","","07-KEUK-0.3",2000,"AE","07-KEUK-0.3_20180419",2018-04-19,2380,"A",NA,NA,"potassium"
"583","total","ug/l","0705-0020","","07-KEUK-0.3",2000,"AE","07-KEUK-0.3_20181015",2018-10-15,2510,"A",NA,NA,"potassium"
"584","total","ug/l","0705-0020","","07-KEUK-0.3",2000,"AE","07-KEUK-0.3_20200805",2020-08-05,2080,"A",NA,NA,"potassium"
"585","total","ug/l","0705-0020","","07-KEUK-0.3",2000,"AE","07-KEUK-0.3_20190416",2019-04-16,3330,"A",NA,NA,"potassium"
"586","total","ug/l","0705-0020","","07-KEUK-0.3",2000,"AE","07-KEUK-0.3_20180613",2018-06-13,2900,"A",NA,NA,"potassium"
"587","total","ug/l","0705-0020","","07-KEUK-0.3",2000,"AE","07-KEUK-0.3_20180814",2018-08-14,7510,"A",NA,NA,"potassium"
"588","total","ug/l","0705-0020","","07-KEUK-0.3",2000,"AE","07-KEUK-0.3_20171017",2017-10-17,3180,"0",NA,NA,"potassium"
"589","total","ug/l","0705-0020","","07-KEUK-0.3",2000,"AE","07-KEUK-0.3_20190611",2019-06-11,3630,"A",NA,NA,"potassium"
"590","total","ug/l","0705-0020","","07-KEUK-0.3",2000,"AE","07-KEUK-0.3_20190813",2019-08-13,3670,"A",NA,NA,"potassium"
"591","","ppt","0705-0020",NA,"07-JACB-1.9",NA,NA,"07-JACB-1.9_20160712",2016-07-12,0.4,NA,NA,NA,"salinity"
"592","","ppt","0705-0020",NA,"07-JACB-1.9",NA,NA,"07-JACB-1.9_20180802",2018-08-02,0.35,NA,NA,NA,"salinity"
"593","","ppt","0705-0020",NA,"07-KEUK-0.1",NA,NA,"07-KEUK-0.1_20190619",2019-06-19,0.19,NA,NA,NA,"salinity"
"594","","ppt","0705-0020",NA,"07-KEUK-0.1",NA,NA,"07-KEUK-0.1_20190718",2019-07-18,0.28,NA,NA,NA,"salinity"
"595","","ppt","0705-0020",NA,"07-KEUK-0.1",NA,NA,"07-KEUK-0.1_20190815",2019-08-15,0.24,NA,NA,NA,"salinity"
"596","","ppt","0705-0020",NA,"07-KEUK-0.3",NA,NA,"07-KEUK-0.3_20160712",2016-07-12,0.2,NA,NA,NA,"salinity"
"597","","ppt","0705-0020",NA,"07-KEUK-0.3",NA,NA,"07-KEUK-0.3_20180801",2018-08-01,0.21,NA,NA,NA,"salinity"
"598","","ppt","0705-0020",NA,"07-KEUK-1.5",NA,NA,"07-KEUK-1.5_20180801",2018-08-01,0.2,NA,NA,NA,"salinity"
"599","","ppt","0705-0020",NA,"07-KEUK-3.4",NA,NA,"07-KEUK-3.4_20180802",2018-08-02,0.19,NA,NA,NA,"salinity"
"600","","ppt","0705-0020",NA,"07-KEUK-6.7",NA,NA,"07-KEUK-6.7_20180802",2018-08-02,0.16,NA,NA,NA,"salinity"
"601","","ppt","0705-0020",NA,"07-KEUK-7.3",NA,NA,"07-KEUK-7.3_20180802",2018-08-02,0.15,NA,NA,NA,"salinity"
"602","","ppt","0705-0020",NA,"07-KEUK_T3-1.0",NA,NA,"07-KEUK_T3-1.0_20180801",2018-08-01,0.37,NA,NA,NA,"salinity"
"603","","ppt","0705-0020",NA,"07-KEUK_T6-1.0",NA,NA,"07-KEUK_T6-1.0_20180801",2018-08-01,0.35,NA,NA,NA,"salinity"
"604","total","ug/l","0705-0020","estimated value due to lab error","07-KEUK-0.3",1,"AE","07-KEUK-0.3_20180814",2018-08-14,0.14,"J",NA,NA,"silver"
"605","total","ug/l","0705-0020","Analyte was analyzed for but not detected","07-JACB-1.9",1,"AE","07-JACB-1.9_20180802",2018-08-02,NA,"U",NA,NA,"silver"
"606","total","ug/l","0705-0020","Analyte was analyzed for but not detected","07-KEUK-0.3",1,"AE","07-KEUK-0.3_20200428",2020-04-28,NA,"U",NA,NA,"silver"
"607","total","ug/l","0705-0020","Analyte was analyzed for but not detected","07-KEUK-0.3",1,"AE","07-KEUK-0.3_20190611",2019-06-11,NA,"U",NA,NA,"silver"
"608","total","ug/l","0705-0020","","07-KEUK-0.3",1,"AE","07-KEUK-0.3_20170816",2017-08-16,NA,"0",NA,NA,"silver"
"609","total","ug/l","0705-0020","Analyte was analyzed for but not detected","07-KEUK-0.3",1,"AE","07-KEUK-0.3_20200805",2020-08-05,NA,"U",NA,NA,"silver"
"610","total","ug/l","0705-0020","","07-KEUK-0.3",1,"AE","07-KEUK-0.3_20171017",2017-10-17,NA,"0",NA,NA,"silver"
"611","total","ug/l","0705-0020","","07-KEUK-0.3",1,"AE","07-KEUK-0.3_20170614",2017-06-14,NA,"0",NA,NA,"silver"
"612","total","ug/l","0705-0020","Analyte was analyzed for but not detected","07-KEUK-0.3",1,"AE","07-KEUK-0.3_20200616",2020-06-16,NA,"U",NA,NA,"silver"
"613","total","ug/l","0705-0020","Analyte was analyzed for but not detected","07-KEUK-0.1",1,"AE","07-KEUK-0.1_20190619",2019-06-19,NA,"U",NA,NA,"silver"
"614","total","ug/l","0705-0020","Analyte was analyzed for but not detected","07-KEUK-1.5",1,"AE","07-KEUK-1.5_20180801",2018-08-01,NA,"U",NA,NA,"silver"
"615","total","ug/l","0705-0020","Analyte was analyzed for but not detected","07-KEUK-0.3",1,"AE","07-KEUK-0.3_20180613",2018-06-13,NA,"U",NA,NA,"silver"
"616","total","ug/l","0705-0020","Analyte was analyzed for but not detected","07-KEUK-0.3",1,"AE","07-KEUK-0.3_20191021",2019-10-21,NA,"U",NA,NA,"silver"
"617","total","ug/l","0705-0020","Analyte was analyzed for but not detected","07-KEUK-0.3",1,"AE","07-KEUK-0.3_20190416",2019-04-16,NA,"U",NA,NA,"silver"
"618","total","ug/l","0705-0020","Analyte was analyzed for but not detected","07-KEUK-6.7",1,"AE","07-KEUK-6.7_20180802",2018-08-02,NA,"U",NA,NA,"silver"
"619","total","ug/l","0705-0020","Analyte was analyzed for but not detected","07-KEUK-0.3",1,"AE","07-KEUK-0.3_20190813",2019-08-13,NA,"U",NA,NA,"silver"
"620","total","ug/l","0705-0020","Analyte was analyzed for but not detected","07-KEUK-7.3",1,"AE","07-KEUK-7.3_20180802",2018-08-02,NA,"U",NA,NA,"silver"
"621","total","ug/l","0705-0020","Analyte was analyzed for but not detected","07-KEUK-3.4",1,"AE","07-KEUK-3.4_20180802",2018-08-02,NA,"U",NA,NA,"silver"
"622","total","ug/l","0705-0020","Analyte was analyzed for but not detected","07-KEUK_T3-1.0",1,"AE","07-KEUK_T3-1.0_20180801",2018-08-01,NA,"U",NA,NA,"silver"
"623","total","ug/l","0705-0020","Analyte was analyzed for but not detected","07-KEUK-0.1",1,"AE","07-KEUK-0.1_20190718",2019-07-18,NA,"U",NA,NA,"silver"
"624","total","ug/l","0705-0020","Analyte was analyzed for but not detected","07-KEUK-0.3",1,"AE","07-KEUK-0.3_20181015",2018-10-15,NA,"U",NA,NA,"silver"
"625","total","ug/l","0705-0020","Analyte was analyzed for but not detected","07-KEUK_T6-1.0",1,"AE","07-KEUK_T6-1.0_20180801",2018-08-01,NA,"U",NA,NA,"silver"
"626","total","ug/l","0705-0020","Analyte was analyzed for but not detected","07-KEUK-0.3",1,"AE","07-KEUK-0.3_20180419",2018-04-19,NA,"U",NA,NA,"silver"
"627","total","ug/l","0705-0020","Analyte was analyzed for but not detected","07-KEUK-0.1",1,"AE","07-KEUK-0.1_20190815",2019-08-15,NA,"U",NA,NA,"silver"
"628","total","ug/l","0705-0020","","07-KEUK-0.3",1000,"AE","07-KEUK-0.3_20190611",2019-06-11,33800,"A",NA,NA,"sodium"
"629","total","ug/l","0705-0020","","07-KEUK-0.3",1000,"AE","07-KEUK-0.3_20191021",2019-10-21,36900,"A",NA,NA,"sodium"
"630","total","ug/l","0705-0020","","07-KEUK-0.3",1000,"AE","07-KEUK-0.3_20190813",2019-08-13,39300,"A",NA,NA,"sodium"
"631","total","ug/l","0705-0020","","07-KEUK-0.3",1000,"AE","07-KEUK-0.3_20180814",2018-08-14,27700,"A",NA,NA,"sodium"
"632","total","ug/l","0705-0020","","07-KEUK-0.3",1000,"AE","07-KEUK-0.3_20180613",2018-06-13,30200,"A",NA,NA,"sodium"
"633","total","ug/l","0705-0020","","07-KEUK-0.3",1000,"AE","07-KEUK-0.3_20200428",2020-04-28,20300,"A",NA,NA,"sodium"
"634","total","ug/l","0705-0020","","07-KEUK-0.3",1000,"AE","07-KEUK-0.3_20190416",2019-04-16,33100,"A",NA,NA,"sodium"
"635","total","ug/l","0705-0020","","07-KEUK-0.3",1000,"AE","07-KEUK-0.3_20170614",2017-06-14,26900,"0",NA,NA,"sodium"
"636","total","ug/l","0705-0020","","07-KEUK-0.3",1000,"AE","07-KEUK-0.3_20200805",2020-08-05,23800,"A",NA,NA,"sodium"
"637","total","ug/l","0705-0020","","07-KEUK-0.3",1000,"AE","07-KEUK-0.3_20181015",2018-10-15,20600,"A",NA,NA,"sodium"
"638","total","ug/l","0705-0020","","07-KEUK-0.3",1000,"AE","07-KEUK-0.3_20170816",2017-08-16,23500,"0",NA,NA,"sodium"
"639","total","ug/l","0705-0020","","07-KEUK-0.3",1000,"AE","07-KEUK-0.3_20180419",2018-04-19,19900,"A",NA,NA,"sodium"
"640","total","ug/l","0705-0020","","07-KEUK-0.3",1000,"AE","07-KEUK-0.3_20200616",2020-06-16,33400,"A",NA,NA,"sodium"
"641","total","ug/l","0705-0020","","07-KEUK-0.3",1000,"AE","07-KEUK-0.3_20171017",2017-10-17,29600,"0",NA,NA,"sodium"
"642","","us/cm","0705-0020",NA,"07-KEUK-0.1",NA,NA,"07-KEUK-0.1_20190815",2019-08-15,490,NA,NA,NA,"specific conductance"
"643","","us/cm","0705-0020",NA,"07-KEUK-0.3",NA,NA,"07-KEUK-0.3_20110920",2011-09-20,353,NA,NA,NA,"specific conductance"
"644","","us/cm","0705-0020",NA,"07-KEUK-0.3",NA,NA,"07-KEUK-0.3_20160712",2016-07-12,382,NA,NA,NA,"specific conductance"
"645","","us/cm","0705-0020",NA,"07-KEUK-0.3",NA,NA,"07-KEUK-0.3_20180801",2018-08-01,434,NA,NA,NA,"specific conductance"
"646","","us/cm","0705-0020",NA,"07-KEUK-1.5",NA,NA,"07-KEUK-1.5_20180801",2018-08-01,409,NA,NA,NA,"specific conductance"
"647","","us/cm","0705-0020",NA,"07-KEUK-3.4",NA,NA,"07-KEUK-3.4_20180802",2018-08-02,399,NA,NA,NA,"specific conductance"
"648","","us/cm","0705-0020",NA,"07-KEUK-6.7",NA,NA,"07-KEUK-6.7_20180802",2018-08-02,341,NA,NA,NA,"specific conductance"
"649","","us/cm","0705-0020",NA,"07-KEUK-7.3",NA,NA,"07-KEUK-7.3_20180802",2018-08-02,321,NA,NA,NA,"specific conductance"
"650","","us/cm","0705-0020",NA,"07-KEUK_T3-1.0",NA,NA,"07-KEUK_T3-1.0_20180801",2018-08-01,764,NA,NA,NA,"specific conductance"
"651","","us/cm","0705-0020",NA,"07-KEUK_T6-1.0",NA,NA,"07-KEUK_T6-1.0_20180801",2018-08-01,716,NA,NA,NA,"specific conductance"
"652","","us/cm","0705-0020",NA,"07-JACB-1.9",NA,NA,"07-JACB-1.9_20160712",2016-07-12,730,NA,NA,NA,"specific conductance"
"653","","us/cm","0705-0020",NA,"07-JACB-1.9",NA,NA,"07-JACB-1.9_20180802",2018-08-02,713,NA,NA,NA,"specific conductance"
"654","","us/cm","0705-0020",NA,"07-KEUK-0.1",NA,NA,"07-KEUK-0.1_20190619",2019-06-19,388,NA,NA,NA,"specific conductance"
"655","","us/cm","0705-0020",NA,"07-KEUK-0.1",NA,NA,"07-KEUK-0.1_20190718",2019-07-18,584,NA,NA,NA,"specific conductance"
"656","total","umhos/cm","0705-0020","","07-KEUK-0.3",NA,"AE","07-KEUK-0.3_20170816",2017-08-16,508,"0",NA,NA,"specific conductance"
"657","total","umhos/cm","0705-0020","","07-KEUK-0.3",NA,"AE","07-KEUK-0.3_20171017",2017-10-17,280,"0",NA,NA,"specific conductance"
"658","total","umhos/cm","0705-0020","","07-KEUK-0.3",NA,"AE","07-KEUK-0.3_20170614",2017-06-14,465,"0",NA,NA,"specific conductance"
"659","total","mg/l","0705-0020","","07-KEUK-0.3",2,"AE","07-KEUK-0.3_20190611",2019-06-11,30.6,"A",NA,NA,"sulfate"
"660","total","mg/l","0705-0020","","07-KEUK-0.3",2,"AE","07-KEUK-0.3_20200428",2020-04-28,21.1,"A",NA,NA,"sulfate"
"661","total","mg/l","0705-0020","","07-KEUK-0.3",2,"AE","07-KEUK-0.3_20190813",2019-08-13,33.9,"A",NA,NA,"sulfate"
"662","total","mg/l","0705-0020","","07-KEUK-0.3",2,"AE","07-KEUK-0.3_20180613",2018-06-13,30.9,"A",NA,NA,"sulfate"
"663","total","mg/l","0705-0020","","07-KEUK-0.3",2,"AE","07-KEUK-0.3_20180419",2018-04-19,21.4,"A",NA,NA,"sulfate"
"664","total","mg/l","0705-0020","","07-KEUK-0.3",2,"AE","07-KEUK-0.3_20200805",2020-08-05,24.6,"A",NA,NA,"sulfate"
"665","total","mg/l","0705-0020","","07-KEUK-0.3",2,"AE","07-KEUK-0.3_20171017",2017-10-17,28.1,"0",NA,NA,"sulfate"
"666","total","mg/l","0705-0020","","07-KEUK-0.3",2,"AE","07-KEUK-0.3_20191021",2019-10-21,35,"A",NA,NA,"sulfate"
"667","total","mg/l","0705-0020","","07-KEUK-0.3",2,"AE","07-KEUK-0.3_20200616",2020-06-16,29.1,"A",NA,NA,"sulfate"
"668","total","mg/l","0705-0020","","07-KEUK-0.3",2,"AE","07-KEUK-0.3_20170816",2017-08-16,23.9,"0",NA,NA,"sulfate"
"669","total","mg/l","0705-0020","","07-KEUK-0.3",2,"AE","07-KEUK-0.3_20170614",2017-06-14,26.6,"0",NA,NA,"sulfate"
"670","total","mg/l","0705-0020","","07-KEUK-0.3",2,"AE","07-KEUK-0.3_20190416",2019-04-16,35.6,"A",NA,NA,"sulfate"
"671","","deg c","0705-0020",NA,"07-JACB-1.9",NA,NA,"07-JACB-1.9_20160712",2016-07-12,18,NA,NA,NA,"temperature"
"672","","deg c","0705-0020",NA,"07-JACB-1.9",NA,NA,"07-JACB-1.9_20180802",2018-08-02,18,NA,NA,NA,"temperature"
"673","","deg c","0705-0020",NA,"07-KEUK-0.1",NA,NA,"07-KEUK-0.1_20190619",2019-06-19,22,NA,NA,NA,"temperature"
"674","","deg c","0705-0020",NA,"07-KEUK-0.1",NA,NA,"07-KEUK-0.1_20190718",2019-07-18,26,NA,NA,NA,"temperature"
"675","","deg c","0705-0020",NA,"07-KEUK-0.1",NA,NA,"07-KEUK-0.1_20190815",2019-08-15,20,NA,NA,NA,"temperature"
"676","","deg c","0705-0020",NA,"07-KEUK-0.3",NA,NA,"07-KEUK-0.3_20110920",2011-09-20,19,NA,NA,NA,"temperature"
"677","","deg c","0705-0020",NA,"07-KEUK-0.3",NA,NA,"07-KEUK-0.3_20160712",2016-07-12,25,NA,NA,NA,"temperature"
"678","","deg c","0705-0020",NA,"07-KEUK-0.3",NA,NA,"07-KEUK-0.3_20180801",2018-08-01,23,NA,NA,NA,"temperature"
"679","","deg c","0705-0020",NA,"07-KEUK-1.5",NA,NA,"07-KEUK-1.5_20180801",2018-08-01,24,NA,NA,NA,"temperature"
"680","","deg c","0705-0020",NA,"07-KEUK-3.4",NA,NA,"07-KEUK-3.4_20180802",2018-08-02,24,NA,NA,NA,"temperature"
"681","","deg c","0705-0020",NA,"07-KEUK-6.7",NA,NA,"07-KEUK-6.7_20180802",2018-08-02,25,NA,NA,NA,"temperature"
"682","","deg c","0705-0020",NA,"07-KEUK-7.3",NA,NA,"07-KEUK-7.3_20180802",2018-08-02,25,NA,NA,NA,"temperature"
"683","","deg c","0705-0020",NA,"07-KEUK_T3-1.0",NA,NA,"07-KEUK_T3-1.0_20180801",2018-08-01,21,NA,NA,NA,"temperature"
"684","","deg c","0705-0020",NA,"07-KEUK_T6-1.0",NA,NA,"07-KEUK_T6-1.0_20180801",2018-08-01,22,NA,NA,NA,"temperature"
"685","total","deg c","0705-0020","","07-KEUK-0.3",NA,"AE","07-KEUK-0.3_20170614",2017-06-14,22.2,"0",NA,NA,"temperature of ph analysis"
"686","total","deg c","0705-0020","","07-KEUK-0.3",NA,"AE","07-KEUK-0.3_20170816",2017-08-16,22.2,"0",NA,NA,"temperature of ph analysis"
"687","total","deg c","0705-0020","","07-KEUK-0.3",NA,"AE","07-KEUK-0.3_20171017",2017-10-17,21,"0",NA,NA,"temperature of ph analysis"
"688","dissolved","mg/l","0705-0020","","07-KEUK-0.3",10,"AE","07-KEUK-0.3_20190416",2019-04-16,370,"A",NA,NA,"total_dissolved_solids"
"689","dissolved","mg/l","0705-0020","","07-KEUK-0.3",10,"AE","07-KEUK-0.3_20180419",2018-04-19,194,"A",NA,NA,"total_dissolved_solids"
"690","dissolved","mg/l","0705-0020","","07-KEUK-0.3",10,"AE","07-KEUK-0.3_20180613",2018-06-13,266,"A",NA,NA,"total_dissolved_solids"
"691","dissolved","mg/l","0705-0020","","07-KEUK-0.3",10,"AE","07-KEUK-0.3_20200616",2020-06-16,286,"A",NA,NA,"total_dissolved_solids"
"692","dissolved","mg/l","0705-0020","","07-KEUK-0.3",10,"AE","07-KEUK-0.3_20200428",2020-04-28,213,"A",NA,NA,"total_dissolved_solids"
"693","dissolved","mg/l","0705-0020","","07-KEUK-0.3",10,"AE","07-KEUK-0.3_20190611",2019-06-11,312,"A",NA,NA,"total_dissolved_solids"
"694","dissolved","mg/l","0705-0020","","07-KEUK-0.3",10,"AE","07-KEUK-0.3_20180814",2018-08-14,282,"A",NA,NA,"total_dissolved_solids"
"695","dissolved","mg/l","0705-0020","","07-KEUK-0.3",10,"AE","07-KEUK-0.3_20181015",2018-10-15,205,"A",NA,NA,"total_dissolved_solids"
"696","dissolved","mg/l","0705-0020","","07-KEUK-0.3",10,"AE","07-KEUK-0.3_20200805",2020-08-05,196,"A",NA,NA,"total_dissolved_solids"
"697","dissolved","mg/l","0705-0020","","07-KEUK-0.3",10,"AE","07-KEUK-0.3_20190813",2019-08-13,298,"A",NA,NA,"total_dissolved_solids"
"698","dissolved","mg/l","0705-0020","","07-KEUK-0.3",10,"AE","07-KEUK-0.3_20191021",2019-10-21,294,"A",NA,NA,"total_dissolved_solids"
"699","dissolved","mg/l","0705-0020","","07-KEUK-0.3",10,"AE","07-KEUK-0.3_20170614",2017-06-14,241,"0",NA,NA,"total_dissolved_solids"
"700","dissolved","mg/l","0705-0020","","07-KEUK-0.3",10,"AE","07-KEUK-0.3_20170816",2017-08-16,224,"0",NA,NA,"total_dissolved_solids"
"701","dissolved","mg/l","0705-0020","","07-KEUK-0.3",10,"AE","07-KEUK-0.3_20171017",2017-10-17,238,"0",NA,NA,"total_dissolved_solids"
"702","total","mg/l","0705-0020","","07-KEUK-0.1",1.1,"AE","07-KEUK-0.1_20190718",2019-07-18,4.7,"A",NA,NA,"total suspended solids"
"703","total","mg/l","0705-0020","","07-KEUK-0.1",1,"AE","07-KEUK-0.1_20190619",2019-06-19,4.1,"A",NA,NA,"total suspended solids"
"704","total","mg/l","0705-0020","Analyte was analyzed for but not detected","07-KEUK-0.1",1.2,"AE","07-KEUK-0.1_20190815",2019-08-15,NA,"U",NA,NA,"total suspended solids"
"705","total","ntu","0705-0020","","07-KEUK-0.1",0.1,"AE","07-KEUK-0.1_20190619",2019-06-19,2.95,"A",NA,NA,"turbidity"
"706","total","ntu","0705-0020","","07-KEUK-0.1",0.1,"AE","07-KEUK-0.1_20190718",2019-07-18,3.35,"A",NA,NA,"turbidity"
"707","total","ntu","0705-0020","","07-KEUK-0.1",0.1,"AE","07-KEUK-0.1_20190815",2019-08-15,2.09,"A",NA,NA,"turbidity"
"708","total","ntu","0705-0020","","07-KEUK-0.3",0.1,"AE","07-KEUK-0.3_20180419",2018-04-19,4.92,"A",NA,NA,"turbidity"
"709","total","ntu","0705-0020","","07-KEUK-0.3",0.1,"AE","07-KEUK-0.3_20190611",2019-06-11,3.39,"A",NA,NA,"turbidity"
"710","total","ntu","0705-0020","","07-KEUK-0.3",0.1,"AE","07-KEUK-0.3_20180613",2018-06-13,1.01,"A",NA,NA,"turbidity"
"711","total","ntu","0705-0020","","07-KEUK-0.3",0.1,"AE","07-KEUK-0.3_20190416",2019-04-16,3.27,"A",NA,NA,"turbidity"
"712","total","ntu","0705-0020","","07-KEUK-0.3",0.1,"AE","07-KEUK-0.3_20180814",2018-08-14,64.6,"A",NA,NA,"turbidity"
"713","total","ntu","0705-0020","","07-KEUK-0.3",0.1,"AE","07-KEUK-0.3_20181015",2018-10-15,9.49,"A",NA,NA,"turbidity"
"714","total","ntu","0705-0020","","07-KEUK-0.3",0.1,"AE","07-KEUK-0.3_20191021",2019-10-21,1.74,"A",NA,NA,"turbidity"
"715","total","ntu","0705-0020","","07-KEUK-0.3",0.1,"AE","07-KEUK-0.3_20190813",2019-08-13,2.53,"A",NA,NA,"turbidity"
"716","total","ntu","0705-0020","","07-JACB-1.9",0.1,"AE","07-JACB-1.9_20180802",2018-08-02,2.18,"A",NA,NA,"turbidity"
"717","total","ntu","0705-0020","","07-KEUK-0.3",0.1,"AE","07-KEUK-0.3_20170614",2017-06-14,1.62,"0",NA,NA,"turbidity"
"718","total","ntu","0705-0020","","07-KEUK-0.3",0.1,"AE","07-KEUK-0.3_20170816",2017-08-16,4.08,"0",NA,NA,"turbidity"
"719","total","ntu","0705-0020","","07-KEUK-0.3",0.1,"AE","07-KEUK-0.3_20171017",2017-10-17,1.24,"0",NA,NA,"turbidity"
"720","total","ntu","0705-0020","","07-KEUK-1.5",0.1,"AE","07-KEUK-1.5_20180801",2018-08-01,1.58,"A",NA,NA,"turbidity"
"721","total","ntu","0705-0020","","07-KEUK-3.4",0.1,"AE","07-KEUK-3.4_20180802",2018-08-02,1.33,"A",NA,NA,"turbidity"
"722","total","ntu","0705-0020","","07-KEUK-6.7",0.1,"AE","07-KEUK-6.7_20180802",2018-08-02,1.46,"A",NA,NA,"turbidity"
"723","total","ntu","0705-0020","","07-KEUK-7.3",0.1,"AE","07-KEUK-7.3_20180802",2018-08-02,1.19,"A",NA,NA,"turbidity"
"724","total","ntu","0705-0020","","07-KEUK_T3-1.0",0.1,"AE","07-KEUK_T3-1.0_20180801",2018-08-01,2.65,"A",NA,NA,"turbidity"
"725","total","ntu","0705-0020","","07-KEUK_T6-1.0",0.1,"AE","07-KEUK_T6-1.0_20180801",2018-08-01,5.53,"A",NA,NA,"turbidity"
"726","dissolved","ug/l","0705-0020","Analyte was analyzed for but not detected","07-KEUK-0.3",5,"AE","07-KEUK-0.3_20190416",2019-04-16,NA,"U",NA,NA,"zinc"
"727","dissolved","ug/l","0705-0020","Analyte was analyzed for but not detected","07-KEUK-0.3",5,"AE","07-KEUK-0.3_20190611",2019-06-11,NA,"U",NA,NA,"zinc"
"728","dissolved","ug/l","0705-0020","Analyte was analyzed for but not detected","07-KEUK-0.3",5,"AE","07-KEUK-0.3_20190813",2019-08-13,NA,"U",NA,NA,"zinc"
"729","dissolved","ug/l","0705-0020","","07-KEUK-0.3",5,"AE","07-KEUK-0.3_20170614",2017-06-14,5.8,"0",NA,NA,"zinc"
"730","dissolved","ug/l","0705-0020","","07-KEUK-0.3",5,"AE","07-KEUK-0.3_20170816",2017-08-16,3.2,"0",NA,NA,"zinc"
"731","dissolved","ug/l","0705-0020","","07-KEUK-0.3",5,"AE","07-KEUK-0.3_20171017",2017-10-17,NA,"0",NA,NA,"zinc"
"732","dissolved","ug/l","0705-0020","estimated value due to lab error","07-KEUK-0.3",5,"AE","07-KEUK-0.3_20180613",2018-06-13,3.8,"J",NA,NA,"zinc"
"733","dissolved","ug/l","0705-0020","estimated value due to lab error","07-KEUK-0.3",5,"AE","07-KEUK-0.3_20180814",2018-08-14,3,"J",NA,NA,"zinc"
"734","dissolved","ug/l","0705-0020","estimated value due to lab error","07-KEUK-0.3",5,"AE","07-KEUK-0.3_20181015",2018-10-15,3.5,"J",NA,NA,"zinc"
"735","dissolved","ug/l","0705-0020","estimated value due to lab error","07-KEUK-0.3",5,"AE","07-KEUK-0.3_20191021",2019-10-21,2.9,"J",NA,NA,"zinc"
"736","dissolved","ug/l","0705-0020","","07-KEUK-0.3",5,"AE","07-KEUK-0.3_20180419",2018-04-19,5.9,"A",NA,NA,"zinc"
"737","total","ug/l","0705-0020","Analyte was analyzed for but not detected","07-KEUK-0.1",5,"AE","07-KEUK-0.1_20190619",2019-06-19,NA,"U",NA,NA,"zinc"
"738","total","ug/l","0705-0020","estimated value due to lab error","07-KEUK-0.1",5,"AE","07-KEUK-0.1_20190815",2019-08-15,3.4,"J",NA,NA,"zinc"
"739","total","ug/l","0705-0020","estimated value due to lab error","07-KEUK-0.1",5,"AE","07-KEUK-0.1_20190718",2019-07-18,4.2,"J",NA,NA,"zinc"
